test_name	package	source_files	linked_libs	has_mf_sites	note
ContainerMeta_test	larcorealg	larcorealg/test/CoreUtils/ContainerMeta_test.cc	libboost_unit_test_framework.so.1.82.0	0	
DebugUtils_test	larcorealg	larcorealg/larcorealg/CoreUtils/DebugUtils.cxx;larcorealg/larcorealg/CoreUtils/NumericUtils.cxx;larcorealg/larcorealg/CoreUtils/SearchPathPlusRelative.cxx;larcorealg/test/CoreUtils/DebugUtils_test.cc	libboost_unit_test_framework.so.1.82.0;libcetlib.so;libcetlib_except.so;libcrypto.so;liblarcorealg_CoreUtils.so	0	
Decomposer_test	larcorealg	larcorealg/larcorealg/CoreUtils/DebugUtils.cxx;larcorealg/larcorealg/CoreUtils/NumericUtils.cxx;larcorealg/larcorealg/CoreUtils/SearchPathPlusRelative.cxx;larcorealg/larcorealg/Geometry/AuxDetGeo.cxx;larcorealg/larcorealg/Geometry/AuxDetGeoObjectSorter.cxx;larcorealg/larcorealg/Geometry/AuxDetGeoObjectSorterStandard.cxx;larcorealg/larcorealg/Geometry/AuxDetGeometryCore.cxx;larcorealg/larcorealg/Geometry/AuxDetReadoutGeom.cxx;larcorealg/larcorealg/Geometry/AuxDetSensitiveGeo.cxx;larcorealg/larcorealg/Geometry/BoxBoundedGeo.cxx;larcorealg/larcorealg/Geometry/CryostatGeo.cxx;larcorealg/larcorealg/Geometry/GeoNodePath.cxx;larcorealg/larcorealg/Geometry/GeoObjectSorter.cxx;larcorealg/larcorealg/Geometry/GeoObjectSorterStandard.cxx;larcorealg/larcorealg/Geometry/GeoVectorLocalTransformation.cxx;larcorealg/larcorealg/Geometry/GeometryBuilderStandard.cxx;larcorealg/larcorealg/Geometry/GeometryCore.cxx;larcorealg/larcorealg/Geometry/Intersections.cxx;larcorealg/larcorealg/Geometry/LocalTransformation.cxx;larcorealg/larcorealg/Geometry/OpDetGeo.cxx;larcorealg/larcorealg/Geometry/PlaneGeo.cxx;larcorealg/larcorealg/Geometry/StandaloneGeometrySetup.cxx;larcorealg/larcorealg/Geometry/TPCGeo.cxx;larcorealg/larcorealg/Geometry/WireGeo.cxx;larcorealg/larcorealg/Geometry/WireReadoutDumper.cxx;larcorealg/larcorealg/Geometry/WireReadoutGeom.cxx;larcorealg/larcorealg/Geometry/WireReadoutGeomBuilderStandard.cxx;larcorealg/larcorealg/Geometry/WireReadoutSorterStandard.cxx;larcorealg/larcorealg/Geometry/WireReadoutStandardGeom.cxx;larcorealg/larcorealg/Geometry/details/GeometryIterationPolicy.cxx;larcorealg/larcorealg/Geometry/details/ReadoutIterationPolicy.cxx;larcorealg/larcorealg/Geometry/details/maybe_default_detector_name.cxx;larcorealg/test/Geometry/Decomposer_test.cxx;larcoreobj/larcoreobj/SimpleTypesAndConstants/geo_types.cxx	libCLHEP-Geometry-2.4.7.1.so;libCLHEP-Vector-2.4.7.1.so;libCore.so.6.28.12;libGenVector.so.6.28.12;libGeom.so.6.28.12;libHist.so.6.28.12;libImt.so.6.28.12;libMF_MessageLogger.so;libMathCore.so.6.28.12;libMatrix.so.6.28.12;libMultiProc.so.6.28.12;libNet.so.6.28.12;libPhysics.so.6.28.12;libRIO.so.6.28.12;libThread.so.6.28.12;libboost_atomic.so.1.82.0;libboost_filesystem.so.1.82.0;libboost_unit_test_framework.so.1.82.0;libcetlib.so;libcetlib_except.so;libcrypto.so;libfhiclcpp.so;libfhiclcpp_types.so;liblarcorealg_CoreUtils.so;liblarcorealg_Geometry.so;liblarcoreobj_SimpleTypesAndConstants.so;libtbb.so.12	1	
DumpUtils_test	larcorealg	larcorealg/test/CoreUtils/DumpUtils_test.cc	libCore.so.6.28.12;libGenVector.so.6.28.12;libImt.so.6.28.12;libMathCore.so.6.28.12;libMatrix.so.6.28.12;libMultiProc.so.6.28.12;libNet.so.6.28.12;libPhysics.so.6.28.12;libRIO.so.6.28.12;libThread.so.6.28.12;libboost_unit_test_framework.so.1.82.0	0	
LineClosestPoint_test	larcorealg	larcorealg/test/Geometry/LineClosestPoint_test.cc	libCore.so.6.28.12;libGenVector.so.6.28.12;libImt.so.6.28.12;libMathCore.so.6.28.12;libMultiProc.so.6.28.12;libNet.so.6.28.12;libRIO.so.6.28.12;libThread.so.6.28.12;libboost_unit_test_framework.so.1.82.0;libcetlib.so;libcetlib_except.so;libcrypto.so	0	
MetaUtils_test	larcorealg	larcorealg/larcorealg/CoreUtils/DebugUtils.cxx;larcorealg/larcorealg/CoreUtils/NumericUtils.cxx;larcorealg/larcorealg/CoreUtils/SearchPathPlusRelative.cxx;larcorealg/test/CoreUtils/MetaUtils_test.cc	libboost_unit_test_framework.so.1.82.0;libcetlib.so;libcetlib_except.so;libcrypto.so;liblarcorealg_CoreUtils.so	0	
NameSelector_test	larcorealg	larcorealg/larcorealg/TestUtils/NameSelector.cxx;larcorealg/test/TestUtils/NameSelector_test.cxx	libboost_atomic.so.1.82.0;libboost_filesystem.so.1.82.0;libboost_unit_test_framework.so.1.82.0;libcanvas.so;libcetlib.so;libcetlib_except.so;libcrypto.so;libfhiclcpp.so;liblarcorealg_TestUtils.so	0	
NumericUtils_test	larcorealg	larcorealg/test/CoreUtils/NumericUtils_test.cc	libboost_unit_test_framework.so.1.82.0	0	
ProviderList_test	larcorealg	larcorealg/test/TestUtils/ProviderList_test.cc	libboost_unit_test_framework.so.1.82.0;libcetlib_except.so	0	
ProviderPack_test	larcorealg	larcorealg/test/CoreUtils/ProviderPack_test.cc	libboost_unit_test_framework.so.1.82.0	0	
RealComparisons_test	larcorealg	larcorealg/test/CoreUtils/RealComparisons_test.cc	libboost_unit_test_framework.so.1.82.0	0	
SimpleGeo_test	larcorealg	larcorealg/test/Geometry/SimpleGeo_test.cxx	libboost_unit_test_framework.so.1.82.0	0	
SortByPointers_test	larcorealg	larcorealg/larcorealg/CoreUtils/DebugUtils.cxx;larcorealg/larcorealg/CoreUtils/NumericUtils.cxx;larcorealg/larcorealg/CoreUtils/SearchPathPlusRelative.cxx;larcorealg/test/CoreUtils/SortByPointers_test.cc	libboost_unit_test_framework.so.1.82.0;libcetlib.so;libcetlib_except.so;libcrypto.so;liblarcorealg_CoreUtils.so	0	
StopWatch_test	larcorealg	larcorealg/test/TestUtils/StopWatch_test.cc		0	
UncopiableAndUnmovableClass_test	larcorealg	larcorealg/test/CoreUtils/UncopiableAndUnmovableClass_test.cc	libboost_unit_test_framework.so.1.82.0	0	
counter_test	larcorealg	larcorealg/larcorealg/CoreUtils/DebugUtils.cxx;larcorealg/larcorealg/CoreUtils/NumericUtils.cxx;larcorealg/larcorealg/CoreUtils/SearchPathPlusRelative.cxx;larcorealg/test/CoreUtils/counter_test.cc	libboost_unit_test_framework.so.1.82.0;libcetlib.so;libcetlib_except.so;libcrypto.so;liblarcorealg_CoreUtils.so	0	
enumerate_test	larcorealg	larcorealg/larcorealg/CoreUtils/DebugUtils.cxx;larcorealg/larcorealg/CoreUtils/NumericUtils.cxx;larcorealg/larcorealg/CoreUtils/SearchPathPlusRelative.cxx;larcorealg/test/CoreUtils/enumerate_test.cc	libboost_unit_test_framework.so.1.82.0;libcetlib.so;libcetlib_except.so;libcrypto.so;liblarcorealg_CoreUtils.so	0	
geo_vectors_utils_test	larcorealg	larcorealg/test/Geometry/geo_vectors_utils_test.cc	libCore.so.6.28.12;libGenVector.so.6.28.12;libImt.so.6.28.12;libMathCore.so.6.28.12;libMatrix.so.6.28.12;libMultiProc.so.6.28.12;libNet.so.6.28.12;libPhysics.so.6.28.12;libRIO.so.6.28.12;libThread.so.6.28.12;libboost_unit_test_framework.so.1.82.0	0	
geoidmapper_test	larcorealg	larcorealg/larcorealg/CoreUtils/DebugUtils.cxx;larcorealg/larcorealg/CoreUtils/NumericUtils.cxx;larcorealg/larcorealg/CoreUtils/SearchPathPlusRelative.cxx;larcorealg/test/Geometry/geoidmapper_test.cxx;larcoreobj/larcoreobj/SimpleTypesAndConstants/geo_types.cxx	libboost_unit_test_framework.so.1.82.0;libcetlib.so;libcetlib_except.so;libcrypto.so;liblarcorealg_CoreUtils.so;liblarcoreobj_SimpleTypesAndConstants.so	0	
geometry_geoid_test	larcorealg	larcorealg/larcorealg/CoreUtils/DebugUtils.cxx;larcorealg/larcorealg/CoreUtils/NumericUtils.cxx;larcorealg/larcorealg/CoreUtils/SearchPathPlusRelative.cxx;larcorealg/larcorealg/Geometry/AuxDetGeo.cxx;larcorealg/larcorealg/Geometry/AuxDetGeoObjectSorter.cxx;larcorealg/larcorealg/Geometry/AuxDetGeoObjectSorterStandard.cxx;larcorealg/larcorealg/Geometry/AuxDetGeometryCore.cxx;larcorealg/larcorealg/Geometry/AuxDetReadoutGeom.cxx;larcorealg/larcorealg/Geometry/AuxDetSensitiveGeo.cxx;larcorealg/larcorealg/Geometry/BoxBoundedGeo.cxx;larcorealg/larcorealg/Geometry/CryostatGeo.cxx;larcorealg/larcorealg/Geometry/GeoNodePath.cxx;larcorealg/larcorealg/Geometry/GeoObjectSorter.cxx;larcorealg/larcorealg/Geometry/GeoObjectSorterStandard.cxx;larcorealg/larcorealg/Geometry/GeoVectorLocalTransformation.cxx;larcorealg/larcorealg/Geometry/GeometryBuilderStandard.cxx;larcorealg/larcorealg/Geometry/GeometryCore.cxx;larcorealg/larcorealg/Geometry/Intersections.cxx;larcorealg/larcorealg/Geometry/LocalTransformation.cxx;larcorealg/larcorealg/Geometry/OpDetGeo.cxx;larcorealg/larcorealg/Geometry/PlaneGeo.cxx;larcorealg/larcorealg/Geometry/StandaloneGeometrySetup.cxx;larcorealg/larcorealg/Geometry/TPCGeo.cxx;larcorealg/larcorealg/Geometry/WireGeo.cxx;larcorealg/larcorealg/Geometry/WireReadoutDumper.cxx;larcorealg/larcorealg/Geometry/WireReadoutGeom.cxx;larcorealg/larcorealg/Geometry/WireReadoutGeomBuilderStandard.cxx;larcorealg/larcorealg/Geometry/WireReadoutSorterStandard.cxx;larcorealg/larcorealg/Geometry/WireReadoutStandardGeom.cxx;larcorealg/larcorealg/Geometry/details/GeometryIterationPolicy.cxx;larcorealg/larcorealg/Geometry/details/ReadoutIterationPolicy.cxx;larcorealg/larcorealg/Geometry/details/maybe_default_detector_name.cxx;larcorealg/larcorealg/TestUtils/NameSelector.cxx;larcorealg/test/Geometry/ChannelMapStandardTestAlg.cxx;larcorealg/test/Geometry/GeometryGeoIDTestAlg.cxx;larcorealg/test/Geometry/GeometryIteratorLoopTestAlg.cxx;larcorealg/test/Geometry/GeometryIteratorTestAlg.cxx;larcorealg/test/Geometry/GeometryTestAlg.cxx;larcorealg/test/Geometry/geometry_geoid_test.cxx;larcoreobj/larcoreobj/SimpleTypesAndConstants/geo_types.cxx	libCLHEP-Geometry-2.4.7.1.so;libCLHEP-Vector-2.4.7.1.so;libCore.so.6.28.12;libGenVector.so.6.28.12;libGeom.so.6.28.12;libHist.so.6.28.12;libImt.so.6.28.12;libMF_MessageLogger.so;libMathCore.so.6.28.12;libMatrix.so.6.28.12;libMultiProc.so.6.28.12;libNet.so.6.28.12;libPhysics.so.6.28.12;libRIO.so.6.28.12;libThread.so.6.28.12;libboost_atomic.so.1.82.0;libboost_filesystem.so.1.82.0;libboost_unit_test_framework.so.1.82.0;libcanvas.so;libcetlib.so;libcetlib_except.so;libcrypto.so;libfhiclcpp.so;libfhiclcpp_types.so;liblarcorealg_CoreUtils.so;liblarcorealg_Geometry.so;liblarcorealg_GeometryTestLib.so;liblarcorealg_TestUtils.so;liblarcoreobj_SimpleTypesAndConstants.so;libtbb.so.12	1	
geometry_iterator_loop_test	larcorealg	larcorealg/larcorealg/CoreUtils/DebugUtils.cxx;larcorealg/larcorealg/CoreUtils/NumericUtils.cxx;larcorealg/larcorealg/CoreUtils/SearchPathPlusRelative.cxx;larcorealg/larcorealg/Geometry/AuxDetGeo.cxx;larcorealg/larcorealg/Geometry/AuxDetGeoObjectSorter.cxx;larcorealg/larcorealg/Geometry/AuxDetGeoObjectSorterStandard.cxx;larcorealg/larcorealg/Geometry/AuxDetGeometryCore.cxx;larcorealg/larcorealg/Geometry/AuxDetReadoutGeom.cxx;larcorealg/larcorealg/Geometry/AuxDetSensitiveGeo.cxx;larcorealg/larcorealg/Geometry/BoxBoundedGeo.cxx;larcorealg/larcorealg/Geometry/CryostatGeo.cxx;larcorealg/larcorealg/Geometry/GeoNodePath.cxx;larcorealg/larcorealg/Geometry/GeoObjectSorter.cxx;larcorealg/larcorealg/Geometry/GeoObjectSorterStandard.cxx;larcorealg/larcorealg/Geometry/GeoVectorLocalTransformation.cxx;larcorealg/larcorealg/Geometry/GeometryBuilderStandard.cxx;larcorealg/larcorealg/Geometry/GeometryCore.cxx;larcorealg/larcorealg/Geometry/Intersections.cxx;larcorealg/larcorealg/Geometry/LocalTransformation.cxx;larcorealg/larcorealg/Geometry/OpDetGeo.cxx;larcorealg/larcorealg/Geometry/PlaneGeo.cxx;larcorealg/larcorealg/Geometry/StandaloneGeometrySetup.cxx;larcorealg/larcorealg/Geometry/TPCGeo.cxx;larcorealg/larcorealg/Geometry/WireGeo.cxx;larcorealg/larcorealg/Geometry/WireReadoutDumper.cxx;larcorealg/larcorealg/Geometry/WireReadoutGeom.cxx;larcorealg/larcorealg/Geometry/WireReadoutGeomBuilderStandard.cxx;larcorealg/larcorealg/Geometry/WireReadoutSorterStandard.cxx;larcorealg/larcorealg/Geometry/WireReadoutStandardGeom.cxx;larcorealg/larcorealg/Geometry/details/GeometryIterationPolicy.cxx;larcorealg/larcorealg/Geometry/details/ReadoutIterationPolicy.cxx;larcorealg/larcorealg/Geometry/details/maybe_default_detector_name.cxx;larcorealg/larcorealg/TestUtils/NameSelector.cxx;larcorealg/test/Geometry/ChannelMapStandardTestAlg.cxx;larcorealg/test/Geometry/GeometryGeoIDTestAlg.cxx;larcorealg/test/Geometry/GeometryIteratorLoopTestAlg.cxx;larcorealg/test/Geometry/GeometryIteratorTestAlg.cxx;larcorealg/test/Geometry/GeometryTestAlg.cxx;larcorealg/test/Geometry/geometry_iterator_loop_test.cxx;larcoreobj/larcoreobj/SimpleTypesAndConstants/geo_types.cxx	libCLHEP-Geometry-2.4.7.1.so;libCLHEP-Vector-2.4.7.1.so;libCore.so.6.28.12;libGenVector.so.6.28.12;libGeom.so.6.28.12;libHist.so.6.28.12;libImt.so.6.28.12;libMF_MessageLogger.so;libMathCore.so.6.28.12;libMatrix.so.6.28.12;libMultiProc.so.6.28.12;libNet.so.6.28.12;libPhysics.so.6.28.12;libRIO.so.6.28.12;libThread.so.6.28.12;libboost_atomic.so.1.82.0;libboost_filesystem.so.1.82.0;libboost_unit_test_framework.so.1.82.0;libcanvas.so;libcetlib.so;libcetlib_except.so;libcrypto.so;libfhiclcpp.so;libfhiclcpp_types.so;liblarcorealg_CoreUtils.so;liblarcorealg_Geometry.so;liblarcorealg_GeometryTestLib.so;liblarcorealg_TestUtils.so;liblarcoreobj_SimpleTypesAndConstants.so;libtbb.so.12	1	
geometry_iterator_test	larcorealg	larcorealg/larcorealg/CoreUtils/DebugUtils.cxx;larcorealg/larcorealg/CoreUtils/NumericUtils.cxx;larcorealg/larcorealg/CoreUtils/SearchPathPlusRelative.cxx;larcorealg/larcorealg/Geometry/AuxDetGeo.cxx;larcorealg/larcorealg/Geometry/AuxDetGeoObjectSorter.cxx;larcorealg/larcorealg/Geometry/AuxDetGeoObjectSorterStandard.cxx;larcorealg/larcorealg/Geometry/AuxDetGeometryCore.cxx;larcorealg/larcorealg/Geometry/AuxDetReadoutGeom.cxx;larcorealg/larcorealg/Geometry/AuxDetSensitiveGeo.cxx;larcorealg/larcorealg/Geometry/BoxBoundedGeo.cxx;larcorealg/larcorealg/Geometry/CryostatGeo.cxx;larcorealg/larcorealg/Geometry/GeoNodePath.cxx;larcorealg/larcorealg/Geometry/GeoObjectSorter.cxx;larcorealg/larcorealg/Geometry/GeoObjectSorterStandard.cxx;larcorealg/larcorealg/Geometry/GeoVectorLocalTransformation.cxx;larcorealg/larcorealg/Geometry/GeometryBuilderStandard.cxx;larcorealg/larcorealg/Geometry/GeometryCore.cxx;larcorealg/larcorealg/Geometry/Intersections.cxx;larcorealg/larcorealg/Geometry/LocalTransformation.cxx;larcorealg/larcorealg/Geometry/OpDetGeo.cxx;larcorealg/larcorealg/Geometry/PlaneGeo.cxx;larcorealg/larcorealg/Geometry/StandaloneGeometrySetup.cxx;larcorealg/larcorealg/Geometry/TPCGeo.cxx;larcorealg/larcorealg/Geometry/WireGeo.cxx;larcorealg/larcorealg/Geometry/WireReadoutDumper.cxx;larcorealg/larcorealg/Geometry/WireReadoutGeom.cxx;larcorealg/larcorealg/Geometry/WireReadoutGeomBuilderStandard.cxx;larcorealg/larcorealg/Geometry/WireReadoutSorterStandard.cxx;larcorealg/larcorealg/Geometry/WireReadoutStandardGeom.cxx;larcorealg/larcorealg/Geometry/details/GeometryIterationPolicy.cxx;larcorealg/larcorealg/Geometry/details/ReadoutIterationPolicy.cxx;larcorealg/larcorealg/Geometry/details/maybe_default_detector_name.cxx;larcorealg/larcorealg/TestUtils/NameSelector.cxx;larcorealg/test/Geometry/ChannelMapStandardTestAlg.cxx;larcorealg/test/Geometry/GeometryGeoIDTestAlg.cxx;larcorealg/test/Geometry/GeometryIteratorLoopTestAlg.cxx;larcorealg/test/Geometry/GeometryIteratorTestAlg.cxx;larcorealg/test/Geometry/GeometryTestAlg.cxx;larcorealg/test/Geometry/geometry_iterator_test.cxx;larcoreobj/larcoreobj/SimpleTypesAndConstants/geo_types.cxx	libCLHEP-Geometry-2.4.7.1.so;libCLHEP-Vector-2.4.7.1.so;libCore.so.6.28.12;libGenVector.so.6.28.12;libGeom.so.6.28.12;libHist.so.6.28.12;libImt.so.6.28.12;libMF_MessageLogger.so;libMathCore.so.6.28.12;libMatrix.so.6.28.12;libMultiProc.so.6.28.12;libNet.so.6.28.12;libPhysics.so.6.28.12;libRIO.so.6.28.12;libThread.so.6.28.12;libboost_atomic.so.1.82.0;libboost_filesystem.so.1.82.0;libboost_unit_test_framework.so.1.82.0;libcanvas.so;libcetlib.so;libcetlib_except.so;libcrypto.so;libfhiclcpp.so;libfhiclcpp_types.so;liblarcorealg_CoreUtils.so;liblarcorealg_Geometry.so;liblarcorealg_GeometryTestLib.so;liblarcorealg_TestUtils.so;liblarcoreobj_SimpleTypesAndConstants.so;libtbb.so.12	1	
geometry_loader_test	larcorealg	larcorealg/larcorealg/CoreUtils/DebugUtils.cxx;larcorealg/larcorealg/CoreUtils/NumericUtils.cxx;larcorealg/larcorealg/CoreUtils/SearchPathPlusRelative.cxx;larcorealg/larcorealg/Geometry/AuxDetGeo.cxx;larcorealg/larcorealg/Geometry/AuxDetGeoObjectSorter.cxx;larcorealg/larcorealg/Geometry/AuxDetGeoObjectSorterStandard.cxx;larcorealg/larcorealg/Geometry/AuxDetGeometryCore.cxx;larcorealg/larcorealg/Geometry/AuxDetReadoutGeom.cxx;larcorealg/larcorealg/Geometry/AuxDetSensitiveGeo.cxx;larcorealg/larcorealg/Geometry/BoxBoundedGeo.cxx;larcorealg/larcorealg/Geometry/CryostatGeo.cxx;larcorealg/larcorealg/Geometry/GeoNodePath.cxx;larcorealg/larcorealg/Geometry/GeoObjectSorter.cxx;larcorealg/larcorealg/Geometry/GeoObjectSorterStandard.cxx;larcorealg/larcorealg/Geometry/GeoVectorLocalTransformation.cxx;larcorealg/larcorealg/Geometry/GeometryBuilderStandard.cxx;larcorealg/larcorealg/Geometry/GeometryCore.cxx;larcorealg/larcorealg/Geometry/Intersections.cxx;larcorealg/larcorealg/Geometry/LocalTransformation.cxx;larcorealg/larcorealg/Geometry/OpDetGeo.cxx;larcorealg/larcorealg/Geometry/PlaneGeo.cxx;larcorealg/larcorealg/Geometry/StandaloneGeometrySetup.cxx;larcorealg/larcorealg/Geometry/TPCGeo.cxx;larcorealg/larcorealg/Geometry/WireGeo.cxx;larcorealg/larcorealg/Geometry/WireReadoutDumper.cxx;larcorealg/larcorealg/Geometry/WireReadoutGeom.cxx;larcorealg/larcorealg/Geometry/WireReadoutGeomBuilderStandard.cxx;larcorealg/larcorealg/Geometry/WireReadoutSorterStandard.cxx;larcorealg/larcorealg/Geometry/WireReadoutStandardGeom.cxx;larcorealg/larcorealg/Geometry/details/GeometryIterationPolicy.cxx;larcorealg/larcorealg/Geometry/details/ReadoutIterationPolicy.cxx;larcorealg/larcorealg/Geometry/details/maybe_default_detector_name.cxx;larcorealg/larcorealg/TestUtils/NameSelector.cxx;larcorealg/test/Geometry/ChannelMapStandardTestAlg.cxx;larcorealg/test/Geometry/GeometryGeoIDTestAlg.cxx;larcorealg/test/Geometry/GeometryIteratorLoopTestAlg.cxx;larcorealg/test/Geometry/GeometryIteratorTestAlg.cxx;larcorealg/test/Geometry/GeometryTestAlg.cxx;larcorealg/test/Geometry/geometry_loader_test.cxx;larcoreobj/larcoreobj/SimpleTypesAndConstants/geo_types.cxx	libCLHEP-Geometry-2.4.7.1.so;libCLHEP-Vector-2.4.7.1.so;libCore.so.6.28.12;libGenVector.so.6.28.12;libGeom.so.6.28.12;libHist.so.6.28.12;libImt.so.6.28.12;libMF_MessageLogger.so;libMathCore.so.6.28.12;libMatrix.so.6.28.12;libMultiProc.so.6.28.12;libNet.so.6.28.12;libPhysics.so.6.28.12;libRIO.so.6.28.12;libThread.so.6.28.12;libboost_atomic.so.1.82.0;libboost_filesystem.so.1.82.0;libboost_unit_test_framework.so.1.82.0;libcanvas.so;libcetlib.so;libcetlib_except.so;libcrypto.so;libfhiclcpp.so;libfhiclcpp_types.so;liblarcorealg_CoreUtils.so;liblarcorealg_Geometry.so;liblarcorealg_GeometryTestLib.so;liblarcorealg_TestUtils.so;liblarcoreobj_SimpleTypesAndConstants.so;libtbb.so.12	1	
geometry_standardchannelmapping_test	larcorealg	larcorealg/larcorealg/CoreUtils/DebugUtils.cxx;larcorealg/larcorealg/CoreUtils/NumericUtils.cxx;larcorealg/larcorealg/CoreUtils/SearchPathPlusRelative.cxx;larcorealg/larcorealg/Geometry/AuxDetGeo.cxx;larcorealg/larcorealg/Geometry/AuxDetGeoObjectSorter.cxx;larcorealg/larcorealg/Geometry/AuxDetGeoObjectSorterStandard.cxx;larcorealg/larcorealg/Geometry/AuxDetGeometryCore.cxx;larcorealg/larcorealg/Geometry/AuxDetReadoutGeom.cxx;larcorealg/larcorealg/Geometry/AuxDetSensitiveGeo.cxx;larcorealg/larcorealg/Geometry/BoxBoundedGeo.cxx;larcorealg/larcorealg/Geometry/CryostatGeo.cxx;larcorealg/larcorealg/Geometry/GeoNodePath.cxx;larcorealg/larcorealg/Geometry/GeoObjectSorter.cxx;larcorealg/larcorealg/Geometry/GeoObjectSorterStandard.cxx;larcorealg/larcorealg/Geometry/GeoVectorLocalTransformation.cxx;larcorealg/larcorealg/Geometry/GeometryBuilderStandard.cxx;larcorealg/larcorealg/Geometry/GeometryCore.cxx;larcorealg/larcorealg/Geometry/Intersections.cxx;larcorealg/larcorealg/Geometry/LocalTransformation.cxx;larcorealg/larcorealg/Geometry/OpDetGeo.cxx;larcorealg/larcorealg/Geometry/PlaneGeo.cxx;larcorealg/larcorealg/Geometry/StandaloneGeometrySetup.cxx;larcorealg/larcorealg/Geometry/TPCGeo.cxx;larcorealg/larcorealg/Geometry/WireGeo.cxx;larcorealg/larcorealg/Geometry/WireReadoutDumper.cxx;larcorealg/larcorealg/Geometry/WireReadoutGeom.cxx;larcorealg/larcorealg/Geometry/WireReadoutGeomBuilderStandard.cxx;larcorealg/larcorealg/Geometry/WireReadoutSorterStandard.cxx;larcorealg/larcorealg/Geometry/WireReadoutStandardGeom.cxx;larcorealg/larcorealg/Geometry/details/GeometryIterationPolicy.cxx;larcorealg/larcorealg/Geometry/details/ReadoutIterationPolicy.cxx;larcorealg/larcorealg/Geometry/details/maybe_default_detector_name.cxx;larcorealg/larcorealg/TestUtils/NameSelector.cxx;larcorealg/test/Geometry/ChannelMapStandardTestAlg.cxx;larcorealg/test/Geometry/GeometryGeoIDTestAlg.cxx;larcorealg/test/Geometry/GeometryIteratorLoopTestAlg.cxx;larcorealg/test/Geometry/GeometryIteratorTestAlg.cxx;larcorealg/test/Geometry/GeometryTestAlg.cxx;larcorealg/test/Geometry/geometry_standardchannelmapping_test.cxx;larcoreobj/larcoreobj/SimpleTypesAndConstants/geo_types.cxx	libCLHEP-Geometry-2.4.7.1.so;libCLHEP-Vector-2.4.7.1.so;libCore.so.6.28.12;libGenVector.so.6.28.12;libGeom.so.6.28.12;libHist.so.6.28.12;libImt.so.6.28.12;libMF_MessageLogger.so;libMathCore.so.6.28.12;libMatrix.so.6.28.12;libMultiProc.so.6.28.12;libNet.so.6.28.12;libPhysics.so.6.28.12;libRIO.so.6.28.12;libThread.so.6.28.12;libboost_atomic.so.1.82.0;libboost_filesystem.so.1.82.0;libboost_unit_test_framework.so.1.82.0;libcanvas.so;libcetlib.so;libcetlib_except.so;libcrypto.so;libfhiclcpp.so;libfhiclcpp_types.so;liblarcorealg_CoreUtils.so;liblarcorealg_Geometry.so;liblarcorealg_GeometryTestLib.so;liblarcorealg_TestUtils.so;liblarcoreobj_SimpleTypesAndConstants.so;libtbb.so.12	1	
geometry_test	larcorealg	larcorealg/larcorealg/CoreUtils/DebugUtils.cxx;larcorealg/larcorealg/CoreUtils/NumericUtils.cxx;larcorealg/larcorealg/CoreUtils/SearchPathPlusRelative.cxx;larcorealg/larcorealg/Geometry/AuxDetGeo.cxx;larcorealg/larcorealg/Geometry/AuxDetGeoObjectSorter.cxx;larcorealg/larcorealg/Geometry/AuxDetGeoObjectSorterStandard.cxx;larcorealg/larcorealg/Geometry/AuxDetGeometryCore.cxx;larcorealg/larcorealg/Geometry/AuxDetReadoutGeom.cxx;larcorealg/larcorealg/Geometry/AuxDetSensitiveGeo.cxx;larcorealg/larcorealg/Geometry/BoxBoundedGeo.cxx;larcorealg/larcorealg/Geometry/CryostatGeo.cxx;larcorealg/larcorealg/Geometry/GeoNodePath.cxx;larcorealg/larcorealg/Geometry/GeoObjectSorter.cxx;larcorealg/larcorealg/Geometry/GeoObjectSorterStandard.cxx;larcorealg/larcorealg/Geometry/GeoVectorLocalTransformation.cxx;larcorealg/larcorealg/Geometry/GeometryBuilderStandard.cxx;larcorealg/larcorealg/Geometry/GeometryCore.cxx;larcorealg/larcorealg/Geometry/Intersections.cxx;larcorealg/larcorealg/Geometry/LocalTransformation.cxx;larcorealg/larcorealg/Geometry/OpDetGeo.cxx;larcorealg/larcorealg/Geometry/PlaneGeo.cxx;larcorealg/larcorealg/Geometry/StandaloneGeometrySetup.cxx;larcorealg/larcorealg/Geometry/TPCGeo.cxx;larcorealg/larcorealg/Geometry/WireGeo.cxx;larcorealg/larcorealg/Geometry/WireReadoutDumper.cxx;larcorealg/larcorealg/Geometry/WireReadoutGeom.cxx;larcorealg/larcorealg/Geometry/WireReadoutGeomBuilderStandard.cxx;larcorealg/larcorealg/Geometry/WireReadoutSorterStandard.cxx;larcorealg/larcorealg/Geometry/WireReadoutStandardGeom.cxx;larcorealg/larcorealg/Geometry/details/GeometryIterationPolicy.cxx;larcorealg/larcorealg/Geometry/details/ReadoutIterationPolicy.cxx;larcorealg/larcorealg/Geometry/details/maybe_default_detector_name.cxx;larcorealg/larcorealg/TestUtils/NameSelector.cxx;larcorealg/test/Geometry/ChannelMapStandardTestAlg.cxx;larcorealg/test/Geometry/GeometryGeoIDTestAlg.cxx;larcorealg/test/Geometry/GeometryIteratorLoopTestAlg.cxx;larcorealg/test/Geometry/GeometryIteratorTestAlg.cxx;larcorealg/test/Geometry/GeometryTestAlg.cxx;larcorealg/test/Geometry/geometry_test.cxx;larcoreobj/larcoreobj/SimpleTypesAndConstants/geo_types.cxx	libCLHEP-Geometry-2.4.7.1.so;libCLHEP-Vector-2.4.7.1.so;libCore.so.6.28.12;libGenVector.so.6.28.12;libGeom.so.6.28.12;libHist.so.6.28.12;libImt.so.6.28.12;libMF_MessageLogger.so;libMathCore.so.6.28.12;libMatrix.so.6.28.12;libMultiProc.so.6.28.12;libNet.so.6.28.12;libPhysics.so.6.28.12;libRIO.so.6.28.12;libThread.so.6.28.12;libboost_atomic.so.1.82.0;libboost_filesystem.so.1.82.0;libboost_unit_test_framework.so.1.82.0;libcanvas.so;libcetlib.so;libcetlib_except.so;libcrypto.so;libfhiclcpp.so;libfhiclcpp_types.so;liblarcorealg_CoreUtils.so;liblarcorealg_Geometry.so;liblarcorealg_GeometryTestLib.so;liblarcorealg_TestUtils.so;liblarcoreobj_SimpleTypesAndConstants.so;libtbb.so.12	1	
geometry_thirdplaneslope_test	larcorealg	larcorealg/larcorealg/CoreUtils/DebugUtils.cxx;larcorealg/larcorealg/CoreUtils/NumericUtils.cxx;larcorealg/larcorealg/CoreUtils/SearchPathPlusRelative.cxx;larcorealg/larcorealg/Geometry/AuxDetGeo.cxx;larcorealg/larcorealg/Geometry/AuxDetGeoObjectSorter.cxx;larcorealg/larcorealg/Geometry/AuxDetGeoObjectSorterStandard.cxx;larcorealg/larcorealg/Geometry/AuxDetGeometryCore.cxx;larcorealg/larcorealg/Geometry/AuxDetReadoutGeom.cxx;larcorealg/larcorealg/Geometry/AuxDetSensitiveGeo.cxx;larcorealg/larcorealg/Geometry/BoxBoundedGeo.cxx;larcorealg/larcorealg/Geometry/CryostatGeo.cxx;larcorealg/larcorealg/Geometry/GeoNodePath.cxx;larcorealg/larcorealg/Geometry/GeoObjectSorter.cxx;larcorealg/larcorealg/Geometry/GeoObjectSorterStandard.cxx;larcorealg/larcorealg/Geometry/GeoVectorLocalTransformation.cxx;larcorealg/larcorealg/Geometry/GeometryBuilderStandard.cxx;larcorealg/larcorealg/Geometry/GeometryCore.cxx;larcorealg/larcorealg/Geometry/Intersections.cxx;larcorealg/larcorealg/Geometry/LocalTransformation.cxx;larcorealg/larcorealg/Geometry/OpDetGeo.cxx;larcorealg/larcorealg/Geometry/PlaneGeo.cxx;larcorealg/larcorealg/Geometry/StandaloneGeometrySetup.cxx;larcorealg/larcorealg/Geometry/TPCGeo.cxx;larcorealg/larcorealg/Geometry/WireGeo.cxx;larcorealg/larcorealg/Geometry/WireReadoutDumper.cxx;larcorealg/larcorealg/Geometry/WireReadoutGeom.cxx;larcorealg/larcorealg/Geometry/WireReadoutGeomBuilderStandard.cxx;larcorealg/larcorealg/Geometry/WireReadoutSorterStandard.cxx;larcorealg/larcorealg/Geometry/WireReadoutStandardGeom.cxx;larcorealg/larcorealg/Geometry/details/GeometryIterationPolicy.cxx;larcorealg/larcorealg/Geometry/details/ReadoutIterationPolicy.cxx;larcorealg/larcorealg/Geometry/details/maybe_default_detector_name.cxx;larcorealg/larcorealg/TestUtils/NameSelector.cxx;larcorealg/test/Geometry/ChannelMapStandardTestAlg.cxx;larcorealg/test/Geometry/GeometryGeoIDTestAlg.cxx;larcorealg/test/Geometry/GeometryIteratorLoopTestAlg.cxx;larcorealg/test/Geometry/GeometryIteratorTestAlg.cxx;larcorealg/test/Geometry/GeometryTestAlg.cxx;larcorealg/test/Geometry/geometry_thirdplaneslope_test.cxx;larcoreobj/larcoreobj/SimpleTypesAndConstants/geo_types.cxx	libCLHEP-Geometry-2.4.7.1.so;libCLHEP-Vector-2.4.7.1.so;libCore.so.6.28.12;libGenVector.so.6.28.12;libGeom.so.6.28.12;libHist.so.6.28.12;libImt.so.6.28.12;libMF_MessageLogger.so;libMathCore.so.6.28.12;libMatrix.so.6.28.12;libMultiProc.so.6.28.12;libNet.so.6.28.12;libPhysics.so.6.28.12;libRIO.so.6.28.12;libThread.so.6.28.12;libboost_atomic.so.1.82.0;libboost_filesystem.so.1.82.0;libboost_unit_test_framework.so.1.82.0;libcanvas.so;libcetlib.so;libcetlib_except.so;libcrypto.so;libfhiclcpp.so;libfhiclcpp_types.so;liblarcorealg_CoreUtils.so;liblarcorealg_Geometry.so;liblarcorealg_GeometryTestLib.so;liblarcorealg_TestUtils.so;liblarcoreobj_SimpleTypesAndConstants.so;libtbb.so.12	1	
geometrydatacontainers_test	larcorealg	larcorealg/larcorealg/CoreUtils/DebugUtils.cxx;larcorealg/larcorealg/CoreUtils/NumericUtils.cxx;larcorealg/larcorealg/CoreUtils/SearchPathPlusRelative.cxx;larcorealg/test/Geometry/geometrydatacontainers_test.cxx;larcoreobj/larcoreobj/SimpleTypesAndConstants/geo_types.cxx	libboost_unit_test_framework.so.1.82.0;libcetlib.so;libcetlib_except.so;libcrypto.so;liblarcorealg_CoreUtils.so;liblarcoreobj_SimpleTypesAndConstants.so	0	
get_elements_test	larcorealg	larcorealg/larcorealg/CoreUtils/DebugUtils.cxx;larcorealg/larcorealg/CoreUtils/NumericUtils.cxx;larcorealg/larcorealg/CoreUtils/SearchPathPlusRelative.cxx;larcorealg/test/CoreUtils/get_elements_test.cc	libboost_unit_test_framework.so.1.82.0;libcetlib.so;libcetlib_except.so;libcrypto.so;liblarcorealg_CoreUtils.so	0	
operations_test	larcorealg	larcorealg/larcorealg/CoreUtils/DebugUtils.cxx;larcorealg/larcorealg/CoreUtils/NumericUtils.cxx;larcorealg/larcorealg/CoreUtils/SearchPathPlusRelative.cxx;larcorealg/test/CoreUtils/operations_test.cc	libboost_unit_test_framework.so.1.82.0;libcetlib.so;libcetlib_except.so;libcrypto.so;liblarcorealg_CoreUtils.so	0	
printBacktrace_test	larcorealg	larcorealg/larcorealg/CoreUtils/DebugUtils.cxx;larcorealg/larcorealg/CoreUtils/NumericUtils.cxx;larcorealg/larcorealg/CoreUtils/SearchPathPlusRelative.cxx;larcorealg/test/CoreUtils/printBacktrace_test.cc	libcetlib.so;libcetlib_except.so;libcrypto.so;liblarcorealg_CoreUtils.so	0	
readoutdatacontainers_test	larcorealg	larcorealg/larcorealg/CoreUtils/DebugUtils.cxx;larcorealg/larcorealg/CoreUtils/NumericUtils.cxx;larcorealg/larcorealg/CoreUtils/SearchPathPlusRelative.cxx;larcorealg/test/Geometry/readoutdatacontainers_test.cxx;larcoreobj/larcoreobj/SimpleTypesAndConstants/geo_types.cxx	libboost_unit_test_framework.so.1.82.0;libcetlib.so;libcetlib_except.so;libcrypto.so;liblarcorealg_CoreUtils.so;liblarcoreobj_SimpleTypesAndConstants.so	0	
span_test	larcorealg	larcorealg/larcorealg/CoreUtils/DebugUtils.cxx;larcorealg/larcorealg/CoreUtils/NumericUtils.cxx;larcorealg/larcorealg/CoreUtils/SearchPathPlusRelative.cxx;larcorealg/test/CoreUtils/span_test.cc	libboost_unit_test_framework.so.1.82.0;libcetlib.so;libcetlib_except.so;libcrypto.so;liblarcorealg_CoreUtils.so	0	
topology_test	larcorealg	larcorealg/larcorealg/CoreUtils/DebugUtils.cxx;larcorealg/larcorealg/CoreUtils/NumericUtils.cxx;larcorealg/larcorealg/CoreUtils/SearchPathPlusRelative.cxx;larcorealg/larcorealg/Geometry/AuxDetGeo.cxx;larcorealg/larcorealg/Geometry/AuxDetGeoObjectSorter.cxx;larcorealg/larcorealg/Geometry/AuxDetGeoObjectSorterStandard.cxx;larcorealg/larcorealg/Geometry/AuxDetGeometryCore.cxx;larcorealg/larcorealg/Geometry/AuxDetReadoutGeom.cxx;larcorealg/larcorealg/Geometry/AuxDetSensitiveGeo.cxx;larcorealg/larcorealg/Geometry/BoxBoundedGeo.cxx;larcorealg/larcorealg/Geometry/CryostatGeo.cxx;larcorealg/larcorealg/Geometry/GeoNodePath.cxx;larcorealg/larcorealg/Geometry/GeoObjectSorter.cxx;larcorealg/larcorealg/Geometry/GeoObjectSorterStandard.cxx;larcorealg/larcorealg/Geometry/GeoVectorLocalTransformation.cxx;larcorealg/larcorealg/Geometry/GeometryBuilderStandard.cxx;larcorealg/larcorealg/Geometry/GeometryCore.cxx;larcorealg/larcorealg/Geometry/Intersections.cxx;larcorealg/larcorealg/Geometry/LocalTransformation.cxx;larcorealg/larcorealg/Geometry/OpDetGeo.cxx;larcorealg/larcorealg/Geometry/PlaneGeo.cxx;larcorealg/larcorealg/Geometry/StandaloneGeometrySetup.cxx;larcorealg/larcorealg/Geometry/TPCGeo.cxx;larcorealg/larcorealg/Geometry/WireGeo.cxx;larcorealg/larcorealg/Geometry/WireReadoutDumper.cxx;larcorealg/larcorealg/Geometry/WireReadoutGeom.cxx;larcorealg/larcorealg/Geometry/WireReadoutGeomBuilderStandard.cxx;larcorealg/larcorealg/Geometry/WireReadoutSorterStandard.cxx;larcorealg/larcorealg/Geometry/WireReadoutStandardGeom.cxx;larcorealg/larcorealg/Geometry/details/GeometryIterationPolicy.cxx;larcorealg/larcorealg/Geometry/details/ReadoutIterationPolicy.cxx;larcorealg/larcorealg/Geometry/details/maybe_default_detector_name.cxx;larcorealg/test/Geometry/topology_test.cxx;larcoreobj/larcoreobj/SimpleTypesAndConstants/geo_types.cxx	libCLHEP-Geometry-2.4.7.1.so;libCLHEP-Vector-2.4.7.1.so;libCore.so.6.28.12;libGenVector.so.6.28.12;libGeom.so.6.28.12;libHist.so.6.28.12;libImt.so.6.28.12;libMF_MessageLogger.so;libMathCore.so.6.28.12;libMatrix.so.6.28.12;libMultiProc.so.6.28.12;libNet.so.6.28.12;libPhysics.so.6.28.12;libRIO.so.6.28.12;libThread.so.6.28.12;libboost_atomic.so.1.82.0;libboost_filesystem.so.1.82.0;libboost_unit_test_framework.so.1.82.0;libcetlib.so;libcetlib_except.so;libcrypto.so;libfhiclcpp.so;libfhiclcpp_types.so;liblarcorealg_CoreUtils.so;liblarcorealg_Geometry.so;liblarcoreobj_SimpleTypesAndConstants.so;libtbb.so.12	1	
values_test	larcorealg	larcorealg/test/CoreUtils/values_test.cc	libboost_unit_test_framework.so.1.82.0	0	
zip_test	larcorealg	larcorealg/larcorealg/CoreUtils/DebugUtils.cxx;larcorealg/larcorealg/CoreUtils/NumericUtils.cxx;larcorealg/larcorealg/CoreUtils/SearchPathPlusRelative.cxx;larcorealg/test/CoreUtils/zip_test.cc	libboost_unit_test_framework.so.1.82.0;libcetlib.so;libcetlib_except.so;libcrypto.so;liblarcorealg_CoreUtils.so	0	
geo_types_fhicl_test	larcoreobj	larcoreobj/larcoreobj/SimpleTypesAndConstants/geo_types.cxx;larcoreobj/test/SimpleTypesAndConstants/geo_types_fhicl_test.cc	libboost_atomic.so.1.82.0;libboost_filesystem.so.1.82.0;libboost_unit_test_framework.so.1.82.0;libcetlib.so;libcetlib_except.so;libcrypto.so;libfhiclcpp.so;libfhiclcpp_types.so;liblarcoreobj_SimpleTypesAndConstants.so;libtbb.so.12	0	
geo_types_test	larcoreobj	larcoreobj/larcoreobj/SimpleTypesAndConstants/geo_types.cxx;larcoreobj/test/SimpleTypesAndConstants/geo_types_test.cc	libboost_unit_test_framework.so.1.82.0;liblarcoreobj_SimpleTypesAndConstants.so	0	
readout_types_fhicl_test	larcoreobj	larcoreobj/larcoreobj/SimpleTypesAndConstants/geo_types.cxx;larcoreobj/test/SimpleTypesAndConstants/readout_types_fhicl_test.cc	libboost_atomic.so.1.82.0;libboost_filesystem.so.1.82.0;libboost_unit_test_framework.so.1.82.0;libcetlib.so;libcetlib_except.so;libcrypto.so;libfhiclcpp.so;libfhiclcpp_types.so;liblarcoreobj_SimpleTypesAndConstants.so;libtbb.so.12	0	
readout_types_test	larcoreobj	larcoreobj/larcoreobj/SimpleTypesAndConstants/geo_types.cxx;larcoreobj/test/SimpleTypesAndConstants/readout_types_test.cc	libboost_unit_test_framework.so.1.82.0;liblarcoreobj_SimpleTypesAndConstants.so	0	
testPhysicalConstants	larcoreobj	larcoreobj/test/SimpleTypesAndConstants/testPhysicalConstants.cc		0	
DetectorClocksBo_test	lardataalg	larcorealg/larcorealg/CoreUtils/DebugUtils.cxx;larcorealg/larcorealg/CoreUtils/NumericUtils.cxx;larcorealg/larcorealg/CoreUtils/SearchPathPlusRelative.cxx;larcorealg/larcorealg/Geometry/AuxDetGeo.cxx;larcorealg/larcorealg/Geometry/AuxDetGeoObjectSorter.cxx;larcorealg/larcorealg/Geometry/AuxDetGeoObjectSorterStandard.cxx;larcorealg/larcorealg/Geometry/AuxDetGeometryCore.cxx;larcorealg/larcorealg/Geometry/AuxDetReadoutGeom.cxx;larcorealg/larcorealg/Geometry/AuxDetSensitiveGeo.cxx;larcorealg/larcorealg/Geometry/BoxBoundedGeo.cxx;larcorealg/larcorealg/Geometry/CryostatGeo.cxx;larcorealg/larcorealg/Geometry/GeoNodePath.cxx;larcorealg/larcorealg/Geometry/GeoObjectSorter.cxx;larcorealg/larcorealg/Geometry/GeoObjectSorterStandard.cxx;larcorealg/larcorealg/Geometry/GeoVectorLocalTransformation.cxx;larcorealg/larcorealg/Geometry/GeometryBuilderStandard.cxx;larcorealg/larcorealg/Geometry/GeometryCore.cxx;larcorealg/larcorealg/Geometry/Intersections.cxx;larcorealg/larcorealg/Geometry/LocalTransformation.cxx;larcorealg/larcorealg/Geometry/OpDetGeo.cxx;larcorealg/larcorealg/Geometry/PlaneGeo.cxx;larcorealg/larcorealg/Geometry/StandaloneGeometrySetup.cxx;larcorealg/larcorealg/Geometry/TPCGeo.cxx;larcorealg/larcorealg/Geometry/WireGeo.cxx;larcorealg/larcorealg/Geometry/WireReadoutDumper.cxx;larcorealg/larcorealg/Geometry/WireReadoutGeom.cxx;larcorealg/larcorealg/Geometry/WireReadoutGeomBuilderStandard.cxx;larcorealg/larcorealg/Geometry/WireReadoutSorterStandard.cxx;larcorealg/larcorealg/Geometry/WireReadoutStandardGeom.cxx;larcorealg/larcorealg/Geometry/details/GeometryIterationPolicy.cxx;larcorealg/larcorealg/Geometry/details/ReadoutIterationPolicy.cxx;larcorealg/larcorealg/Geometry/details/maybe_default_detector_name.cxx;larcorealg/larcorealg/TestUtils/NameSelector.cxx;larcoreobj/larcoreobj/SimpleTypesAndConstants/geo_types.cxx;lardataalg/lardataalg/DetectorInfo/DetectorClocksStandard.cxx;lardataalg/lardataalg/DetectorInfo/DetectorPropertiesData.cc;lardataalg/lardataalg/DetectorInfo/DetectorPropertiesStandard.cxx;lardataalg/lardataalg/DetectorInfo/ElecClock.cxx;lardataalg/lardataalg/DetectorInfo/LArPropertiesStandard.cxx;lardataalg/lardataalg/DetectorInfo/RunHistoryStandard.cxx;lardataalg/test/DetectorInfo/DetectorClocksStandard_test.cc;lardataobj/lardataobj/RawData/AuxDetDigit.cxx;lardataobj/lardataobj/RawData/BeamInfo.cxx;lardataobj/lardataobj/RawData/DAQHeader.cxx;lardataobj/lardataobj/RawData/ExternalTrigger.cxx;lardataobj/lardataobj/RawData/OpDetPulse.cxx;lardataobj/lardataobj/RawData/RawDigit.cxx;lardataobj/lardataobj/RawData/TriggerData.cxx;lardataobj/lardataobj/RawData/raw.cxx	libCLHEP-Geometry-2.4.7.1.so;libCLHEP-Vector-2.4.7.1.so;libCore.so.6.28.12;libGenVector.so.6.28.12;libGeom.so.6.28.12;libHist.so.6.28.12;libImt.so.6.28.12;libMF_MessageLogger.so;libMathCore.so.6.28.12;libMatrix.so.6.28.12;libMultiProc.so.6.28.12;libNet.so.6.28.12;libPhysics.so.6.28.12;libRIO.so.6.28.12;libThread.so.6.28.12;libboost_atomic.so.1.82.0;libboost_filesystem.so.1.82.0;libcanvas.so;libcetlib.so;libcetlib_except.so;libcrypto.so;libfhiclcpp.so;libfhiclcpp_types.so;liblarcorealg_CoreUtils.so;liblarcorealg_Geometry.so;liblarcorealg_TestUtils.so;liblarcoreobj_SimpleTypesAndConstants.so;liblardataalg_DetectorInfo.so;liblardataobj_RawData.so;libtbb.so.12	1	
DetectorClocksCSU40L_test	lardataalg	larcorealg/larcorealg/CoreUtils/DebugUtils.cxx;larcorealg/larcorealg/CoreUtils/NumericUtils.cxx;larcorealg/larcorealg/CoreUtils/SearchPathPlusRelative.cxx;larcorealg/larcorealg/Geometry/AuxDetGeo.cxx;larcorealg/larcorealg/Geometry/AuxDetGeoObjectSorter.cxx;larcorealg/larcorealg/Geometry/AuxDetGeoObjectSorterStandard.cxx;larcorealg/larcorealg/Geometry/AuxDetGeometryCore.cxx;larcorealg/larcorealg/Geometry/AuxDetReadoutGeom.cxx;larcorealg/larcorealg/Geometry/AuxDetSensitiveGeo.cxx;larcorealg/larcorealg/Geometry/BoxBoundedGeo.cxx;larcorealg/larcorealg/Geometry/CryostatGeo.cxx;larcorealg/larcorealg/Geometry/GeoNodePath.cxx;larcorealg/larcorealg/Geometry/GeoObjectSorter.cxx;larcorealg/larcorealg/Geometry/GeoObjectSorterStandard.cxx;larcorealg/larcorealg/Geometry/GeoVectorLocalTransformation.cxx;larcorealg/larcorealg/Geometry/GeometryBuilderStandard.cxx;larcorealg/larcorealg/Geometry/GeometryCore.cxx;larcorealg/larcorealg/Geometry/Intersections.cxx;larcorealg/larcorealg/Geometry/LocalTransformation.cxx;larcorealg/larcorealg/Geometry/OpDetGeo.cxx;larcorealg/larcorealg/Geometry/PlaneGeo.cxx;larcorealg/larcorealg/Geometry/StandaloneGeometrySetup.cxx;larcorealg/larcorealg/Geometry/TPCGeo.cxx;larcorealg/larcorealg/Geometry/WireGeo.cxx;larcorealg/larcorealg/Geometry/WireReadoutDumper.cxx;larcorealg/larcorealg/Geometry/WireReadoutGeom.cxx;larcorealg/larcorealg/Geometry/WireReadoutGeomBuilderStandard.cxx;larcorealg/larcorealg/Geometry/WireReadoutSorterStandard.cxx;larcorealg/larcorealg/Geometry/WireReadoutStandardGeom.cxx;larcorealg/larcorealg/Geometry/details/GeometryIterationPolicy.cxx;larcorealg/larcorealg/Geometry/details/ReadoutIterationPolicy.cxx;larcorealg/larcorealg/Geometry/details/maybe_default_detector_name.cxx;larcorealg/larcorealg/TestUtils/NameSelector.cxx;larcoreobj/larcoreobj/SimpleTypesAndConstants/geo_types.cxx;lardataalg/lardataalg/DetectorInfo/DetectorClocksStandard.cxx;lardataalg/lardataalg/DetectorInfo/DetectorPropertiesData.cc;lardataalg/lardataalg/DetectorInfo/DetectorPropertiesStandard.cxx;lardataalg/lardataalg/DetectorInfo/ElecClock.cxx;lardataalg/lardataalg/DetectorInfo/LArPropertiesStandard.cxx;lardataalg/lardataalg/DetectorInfo/RunHistoryStandard.cxx;lardataalg/test/DetectorInfo/DetectorClocksStandard_test.cc;lardataobj/lardataobj/RawData/AuxDetDigit.cxx;lardataobj/lardataobj/RawData/BeamInfo.cxx;lardataobj/lardataobj/RawData/DAQHeader.cxx;lardataobj/lardataobj/RawData/ExternalTrigger.cxx;lardataobj/lardataobj/RawData/OpDetPulse.cxx;lardataobj/lardataobj/RawData/RawDigit.cxx;lardataobj/lardataobj/RawData/TriggerData.cxx;lardataobj/lardataobj/RawData/raw.cxx	libCLHEP-Geometry-2.4.7.1.so;libCLHEP-Vector-2.4.7.1.so;libCore.so.6.28.12;libGenVector.so.6.28.12;libGeom.so.6.28.12;libHist.so.6.28.12;libImt.so.6.28.12;libMF_MessageLogger.so;libMathCore.so.6.28.12;libMatrix.so.6.28.12;libMultiProc.so.6.28.12;libNet.so.6.28.12;libPhysics.so.6.28.12;libRIO.so.6.28.12;libThread.so.6.28.12;libboost_atomic.so.1.82.0;libboost_filesystem.so.1.82.0;libcanvas.so;libcetlib.so;libcetlib_except.so;libcrypto.so;libfhiclcpp.so;libfhiclcpp_types.so;liblarcorealg_CoreUtils.so;liblarcorealg_Geometry.so;liblarcorealg_TestUtils.so;liblarcoreobj_SimpleTypesAndConstants.so;liblardataalg_DetectorInfo.so;liblardataobj_RawData.so;libtbb.so.12	1	
DetectorClocksLArTPCdetector_test	lardataalg	larcorealg/larcorealg/CoreUtils/DebugUtils.cxx;larcorealg/larcorealg/CoreUtils/NumericUtils.cxx;larcorealg/larcorealg/CoreUtils/SearchPathPlusRelative.cxx;larcorealg/larcorealg/Geometry/AuxDetGeo.cxx;larcorealg/larcorealg/Geometry/AuxDetGeoObjectSorter.cxx;larcorealg/larcorealg/Geometry/AuxDetGeoObjectSorterStandard.cxx;larcorealg/larcorealg/Geometry/AuxDetGeometryCore.cxx;larcorealg/larcorealg/Geometry/AuxDetReadoutGeom.cxx;larcorealg/larcorealg/Geometry/AuxDetSensitiveGeo.cxx;larcorealg/larcorealg/Geometry/BoxBoundedGeo.cxx;larcorealg/larcorealg/Geometry/CryostatGeo.cxx;larcorealg/larcorealg/Geometry/GeoNodePath.cxx;larcorealg/larcorealg/Geometry/GeoObjectSorter.cxx;larcorealg/larcorealg/Geometry/GeoObjectSorterStandard.cxx;larcorealg/larcorealg/Geometry/GeoVectorLocalTransformation.cxx;larcorealg/larcorealg/Geometry/GeometryBuilderStandard.cxx;larcorealg/larcorealg/Geometry/GeometryCore.cxx;larcorealg/larcorealg/Geometry/Intersections.cxx;larcorealg/larcorealg/Geometry/LocalTransformation.cxx;larcorealg/larcorealg/Geometry/OpDetGeo.cxx;larcorealg/larcorealg/Geometry/PlaneGeo.cxx;larcorealg/larcorealg/Geometry/StandaloneGeometrySetup.cxx;larcorealg/larcorealg/Geometry/TPCGeo.cxx;larcorealg/larcorealg/Geometry/WireGeo.cxx;larcorealg/larcorealg/Geometry/WireReadoutDumper.cxx;larcorealg/larcorealg/Geometry/WireReadoutGeom.cxx;larcorealg/larcorealg/Geometry/WireReadoutGeomBuilderStandard.cxx;larcorealg/larcorealg/Geometry/WireReadoutSorterStandard.cxx;larcorealg/larcorealg/Geometry/WireReadoutStandardGeom.cxx;larcorealg/larcorealg/Geometry/details/GeometryIterationPolicy.cxx;larcorealg/larcorealg/Geometry/details/ReadoutIterationPolicy.cxx;larcorealg/larcorealg/Geometry/details/maybe_default_detector_name.cxx;larcorealg/larcorealg/TestUtils/NameSelector.cxx;larcoreobj/larcoreobj/SimpleTypesAndConstants/geo_types.cxx;lardataalg/lardataalg/DetectorInfo/DetectorClocksStandard.cxx;lardataalg/lardataalg/DetectorInfo/DetectorPropertiesData.cc;lardataalg/lardataalg/DetectorInfo/DetectorPropertiesStandard.cxx;lardataalg/lardataalg/DetectorInfo/ElecClock.cxx;lardataalg/lardataalg/DetectorInfo/LArPropertiesStandard.cxx;lardataalg/lardataalg/DetectorInfo/RunHistoryStandard.cxx;lardataalg/test/DetectorInfo/DetectorClocksStandard_test.cc;lardataobj/lardataobj/RawData/AuxDetDigit.cxx;lardataobj/lardataobj/RawData/BeamInfo.cxx;lardataobj/lardataobj/RawData/DAQHeader.cxx;lardataobj/lardataobj/RawData/ExternalTrigger.cxx;lardataobj/lardataobj/RawData/OpDetPulse.cxx;lardataobj/lardataobj/RawData/RawDigit.cxx;lardataobj/lardataobj/RawData/TriggerData.cxx;lardataobj/lardataobj/RawData/raw.cxx	libCLHEP-Geometry-2.4.7.1.so;libCLHEP-Vector-2.4.7.1.so;libCore.so.6.28.12;libGenVector.so.6.28.12;libGeom.so.6.28.12;libHist.so.6.28.12;libImt.so.6.28.12;libMF_MessageLogger.so;libMathCore.so.6.28.12;libMatrix.so.6.28.12;libMultiProc.so.6.28.12;libNet.so.6.28.12;libPhysics.so.6.28.12;libRIO.so.6.28.12;libThread.so.6.28.12;libboost_atomic.so.1.82.0;libboost_filesystem.so.1.82.0;libcanvas.so;libcetlib.so;libcetlib_except.so;libcrypto.so;libfhiclcpp.so;libfhiclcpp_types.so;liblarcorealg_CoreUtils.so;liblarcorealg_Geometry.so;liblarcorealg_TestUtils.so;liblarcoreobj_SimpleTypesAndConstants.so;liblardataalg_DetectorInfo.so;liblardataobj_RawData.so;libtbb.so.12	1	
DetectorClocksStandard_test	lardataalg	larcorealg/larcorealg/CoreUtils/DebugUtils.cxx;larcorealg/larcorealg/CoreUtils/NumericUtils.cxx;larcorealg/larcorealg/CoreUtils/SearchPathPlusRelative.cxx;larcorealg/larcorealg/Geometry/AuxDetGeo.cxx;larcorealg/larcorealg/Geometry/AuxDetGeoObjectSorter.cxx;larcorealg/larcorealg/Geometry/AuxDetGeoObjectSorterStandard.cxx;larcorealg/larcorealg/Geometry/AuxDetGeometryCore.cxx;larcorealg/larcorealg/Geometry/AuxDetReadoutGeom.cxx;larcorealg/larcorealg/Geometry/AuxDetSensitiveGeo.cxx;larcorealg/larcorealg/Geometry/BoxBoundedGeo.cxx;larcorealg/larcorealg/Geometry/CryostatGeo.cxx;larcorealg/larcorealg/Geometry/GeoNodePath.cxx;larcorealg/larcorealg/Geometry/GeoObjectSorter.cxx;larcorealg/larcorealg/Geometry/GeoObjectSorterStandard.cxx;larcorealg/larcorealg/Geometry/GeoVectorLocalTransformation.cxx;larcorealg/larcorealg/Geometry/GeometryBuilderStandard.cxx;larcorealg/larcorealg/Geometry/GeometryCore.cxx;larcorealg/larcorealg/Geometry/Intersections.cxx;larcorealg/larcorealg/Geometry/LocalTransformation.cxx;larcorealg/larcorealg/Geometry/OpDetGeo.cxx;larcorealg/larcorealg/Geometry/PlaneGeo.cxx;larcorealg/larcorealg/Geometry/StandaloneGeometrySetup.cxx;larcorealg/larcorealg/Geometry/TPCGeo.cxx;larcorealg/larcorealg/Geometry/WireGeo.cxx;larcorealg/larcorealg/Geometry/WireReadoutDumper.cxx;larcorealg/larcorealg/Geometry/WireReadoutGeom.cxx;larcorealg/larcorealg/Geometry/WireReadoutGeomBuilderStandard.cxx;larcorealg/larcorealg/Geometry/WireReadoutSorterStandard.cxx;larcorealg/larcorealg/Geometry/WireReadoutStandardGeom.cxx;larcorealg/larcorealg/Geometry/details/GeometryIterationPolicy.cxx;larcorealg/larcorealg/Geometry/details/ReadoutIterationPolicy.cxx;larcorealg/larcorealg/Geometry/details/maybe_default_detector_name.cxx;larcorealg/larcorealg/TestUtils/NameSelector.cxx;larcoreobj/larcoreobj/SimpleTypesAndConstants/geo_types.cxx;lardataalg/lardataalg/DetectorInfo/DetectorClocksStandard.cxx;lardataalg/lardataalg/DetectorInfo/DetectorPropertiesData.cc;lardataalg/lardataalg/DetectorInfo/DetectorPropertiesStandard.cxx;lardataalg/lardataalg/DetectorInfo/ElecClock.cxx;lardataalg/lardataalg/DetectorInfo/LArPropertiesStandard.cxx;lardataalg/lardataalg/DetectorInfo/RunHistoryStandard.cxx;lardataalg/test/DetectorInfo/DetectorClocksStandard_test.cc;lardataobj/lardataobj/RawData/AuxDetDigit.cxx;lardataobj/lardataobj/RawData/BeamInfo.cxx;lardataobj/lardataobj/RawData/DAQHeader.cxx;lardataobj/lardataobj/RawData/ExternalTrigger.cxx;lardataobj/lardataobj/RawData/OpDetPulse.cxx;lardataobj/lardataobj/RawData/RawDigit.cxx;lardataobj/lardataobj/RawData/TriggerData.cxx;lardataobj/lardataobj/RawData/raw.cxx	libCLHEP-Geometry-2.4.7.1.so;libCLHEP-Vector-2.4.7.1.so;libCore.so.6.28.12;libGenVector.so.6.28.12;libGeom.so.6.28.12;libHist.so.6.28.12;libImt.so.6.28.12;libMF_MessageLogger.so;libMathCore.so.6.28.12;libMatrix.so.6.28.12;libMultiProc.so.6.28.12;libNet.so.6.28.12;libPhysics.so.6.28.12;libRIO.so.6.28.12;libThread.so.6.28.12;libboost_atomic.so.1.82.0;libboost_filesystem.so.1.82.0;libcanvas.so;libcetlib.so;libcetlib_except.so;libcrypto.so;libfhiclcpp.so;libfhiclcpp_types.so;liblarcorealg_CoreUtils.so;liblarcorealg_Geometry.so;liblarcorealg_TestUtils.so;liblarcoreobj_SimpleTypesAndConstants.so;liblardataalg_DetectorInfo.so;liblardataobj_RawData.so;libtbb.so.12	1	
DetectorPropertiesLArTPCdetector_test	lardataalg	larcorealg/larcorealg/CoreUtils/DebugUtils.cxx;larcorealg/larcorealg/CoreUtils/NumericUtils.cxx;larcorealg/larcorealg/CoreUtils/SearchPathPlusRelative.cxx;larcorealg/larcorealg/Geometry/AuxDetGeo.cxx;larcorealg/larcorealg/Geometry/AuxDetGeoObjectSorter.cxx;larcorealg/larcorealg/Geometry/AuxDetGeoObjectSorterStandard.cxx;larcorealg/larcorealg/Geometry/AuxDetGeometryCore.cxx;larcorealg/larcorealg/Geometry/AuxDetReadoutGeom.cxx;larcorealg/larcorealg/Geometry/AuxDetSensitiveGeo.cxx;larcorealg/larcorealg/Geometry/BoxBoundedGeo.cxx;larcorealg/larcorealg/Geometry/CryostatGeo.cxx;larcorealg/larcorealg/Geometry/GeoNodePath.cxx;larcorealg/larcorealg/Geometry/GeoObjectSorter.cxx;larcorealg/larcorealg/Geometry/GeoObjectSorterStandard.cxx;larcorealg/larcorealg/Geometry/GeoVectorLocalTransformation.cxx;larcorealg/larcorealg/Geometry/GeometryBuilderStandard.cxx;larcorealg/larcorealg/Geometry/GeometryCore.cxx;larcorealg/larcorealg/Geometry/Intersections.cxx;larcorealg/larcorealg/Geometry/LocalTransformation.cxx;larcorealg/larcorealg/Geometry/OpDetGeo.cxx;larcorealg/larcorealg/Geometry/PlaneGeo.cxx;larcorealg/larcorealg/Geometry/StandaloneGeometrySetup.cxx;larcorealg/larcorealg/Geometry/TPCGeo.cxx;larcorealg/larcorealg/Geometry/WireGeo.cxx;larcorealg/larcorealg/Geometry/WireReadoutDumper.cxx;larcorealg/larcorealg/Geometry/WireReadoutGeom.cxx;larcorealg/larcorealg/Geometry/WireReadoutGeomBuilderStandard.cxx;larcorealg/larcorealg/Geometry/WireReadoutSorterStandard.cxx;larcorealg/larcorealg/Geometry/WireReadoutStandardGeom.cxx;larcorealg/larcorealg/Geometry/details/GeometryIterationPolicy.cxx;larcorealg/larcorealg/Geometry/details/ReadoutIterationPolicy.cxx;larcorealg/larcorealg/Geometry/details/maybe_default_detector_name.cxx;larcorealg/larcorealg/TestUtils/NameSelector.cxx;larcoreobj/larcoreobj/SimpleTypesAndConstants/geo_types.cxx;lardataalg/lardataalg/DetectorInfo/DetectorClocksStandard.cxx;lardataalg/lardataalg/DetectorInfo/DetectorPropertiesData.cc;lardataalg/lardataalg/DetectorInfo/DetectorPropertiesStandard.cxx;lardataalg/lardataalg/DetectorInfo/ElecClock.cxx;lardataalg/lardataalg/DetectorInfo/LArPropertiesStandard.cxx;lardataalg/lardataalg/DetectorInfo/RunHistoryStandard.cxx;lardataalg/test/DetectorInfo/DetectorPropertiesStandard_test.cc;lardataobj/lardataobj/RawData/AuxDetDigit.cxx;lardataobj/lardataobj/RawData/BeamInfo.cxx;lardataobj/lardataobj/RawData/DAQHeader.cxx;lardataobj/lardataobj/RawData/ExternalTrigger.cxx;lardataobj/lardataobj/RawData/OpDetPulse.cxx;lardataobj/lardataobj/RawData/RawDigit.cxx;lardataobj/lardataobj/RawData/TriggerData.cxx;lardataobj/lardataobj/RawData/raw.cxx	libCLHEP-Geometry-2.4.7.1.so;libCLHEP-Vector-2.4.7.1.so;libCore.so.6.28.12;libGenVector.so.6.28.12;libGeom.so.6.28.12;libHist.so.6.28.12;libImt.so.6.28.12;libMF_MessageLogger.so;libMathCore.so.6.28.12;libMatrix.so.6.28.12;libMultiProc.so.6.28.12;libNet.so.6.28.12;libPhysics.so.6.28.12;libRIO.so.6.28.12;libThread.so.6.28.12;libboost_atomic.so.1.82.0;libboost_filesystem.so.1.82.0;libcanvas.so;libcetlib.so;libcetlib_except.so;libcrypto.so;libfhiclcpp.so;libfhiclcpp_types.so;liblarcorealg_CoreUtils.so;liblarcorealg_Geometry.so;liblarcorealg_TestUtils.so;liblarcoreobj_SimpleTypesAndConstants.so;liblardataalg_DetectorInfo.so;liblardataobj_RawData.so;libtbb.so.12	1	
DetectorTimingTypes_test	lardataalg	larcorealg/larcorealg/CoreUtils/DebugUtils.cxx;larcorealg/larcorealg/CoreUtils/NumericUtils.cxx;larcorealg/larcorealg/CoreUtils/SearchPathPlusRelative.cxx;larcorealg/larcorealg/Geometry/AuxDetGeo.cxx;larcorealg/larcorealg/Geometry/AuxDetGeoObjectSorter.cxx;larcorealg/larcorealg/Geometry/AuxDetGeoObjectSorterStandard.cxx;larcorealg/larcorealg/Geometry/AuxDetGeometryCore.cxx;larcorealg/larcorealg/Geometry/AuxDetReadoutGeom.cxx;larcorealg/larcorealg/Geometry/AuxDetSensitiveGeo.cxx;larcorealg/larcorealg/Geometry/BoxBoundedGeo.cxx;larcorealg/larcorealg/Geometry/CryostatGeo.cxx;larcorealg/larcorealg/Geometry/GeoNodePath.cxx;larcorealg/larcorealg/Geometry/GeoObjectSorter.cxx;larcorealg/larcorealg/Geometry/GeoObjectSorterStandard.cxx;larcorealg/larcorealg/Geometry/GeoVectorLocalTransformation.cxx;larcorealg/larcorealg/Geometry/GeometryBuilderStandard.cxx;larcorealg/larcorealg/Geometry/GeometryCore.cxx;larcorealg/larcorealg/Geometry/Intersections.cxx;larcorealg/larcorealg/Geometry/LocalTransformation.cxx;larcorealg/larcorealg/Geometry/OpDetGeo.cxx;larcorealg/larcorealg/Geometry/PlaneGeo.cxx;larcorealg/larcorealg/Geometry/StandaloneGeometrySetup.cxx;larcorealg/larcorealg/Geometry/TPCGeo.cxx;larcorealg/larcorealg/Geometry/WireGeo.cxx;larcorealg/larcorealg/Geometry/WireReadoutDumper.cxx;larcorealg/larcorealg/Geometry/WireReadoutGeom.cxx;larcorealg/larcorealg/Geometry/WireReadoutGeomBuilderStandard.cxx;larcorealg/larcorealg/Geometry/WireReadoutSorterStandard.cxx;larcorealg/larcorealg/Geometry/WireReadoutStandardGeom.cxx;larcorealg/larcorealg/Geometry/details/GeometryIterationPolicy.cxx;larcorealg/larcorealg/Geometry/details/ReadoutIterationPolicy.cxx;larcorealg/larcorealg/Geometry/details/maybe_default_detector_name.cxx;larcoreobj/larcoreobj/SimpleTypesAndConstants/geo_types.cxx;lardataalg/lardataalg/DetectorInfo/DetectorClocksStandard.cxx;lardataalg/lardataalg/DetectorInfo/DetectorPropertiesData.cc;lardataalg/lardataalg/DetectorInfo/DetectorPropertiesStandard.cxx;lardataalg/lardataalg/DetectorInfo/ElecClock.cxx;lardataalg/lardataalg/DetectorInfo/LArPropertiesStandard.cxx;lardataalg/lardataalg/DetectorInfo/RunHistoryStandard.cxx;lardataalg/test/DetectorInfo/DetectorTimingTypes_test.cc;lardataobj/lardataobj/RawData/AuxDetDigit.cxx;lardataobj/lardataobj/RawData/BeamInfo.cxx;lardataobj/lardataobj/RawData/DAQHeader.cxx;lardataobj/lardataobj/RawData/ExternalTrigger.cxx;lardataobj/lardataobj/RawData/OpDetPulse.cxx;lardataobj/lardataobj/RawData/RawDigit.cxx;lardataobj/lardataobj/RawData/TriggerData.cxx;lardataobj/lardataobj/RawData/raw.cxx;lardataobj/lardataobj/RecoBase/Cluster.cxx;lardataobj/lardataobj/RecoBase/Edge.cxx;lardataobj/lardataobj/RecoBase/EndPoint2D.cxx;lardataobj/lardataobj/RecoBase/Event.cxx;lardataobj/lardataobj/RecoBase/Hit.cxx;lardataobj/lardataobj/RecoBase/OpFlash.cxx;lardataobj/lardataobj/RecoBase/OpHit.cxx;lardataobj/lardataobj/RecoBase/OpWaveform.cxx;lardataobj/lardataobj/RecoBase/PCAxis.cxx;lardataobj/lardataobj/RecoBase/PFParticle.cxx;lardataobj/lardataobj/RecoBase/PFParticleMetadata.cxx;lardataobj/lardataobj/RecoBase/Seed.cxx;lardataobj/lardataobj/RecoBase/Shower.cxx;lardataobj/lardataobj/RecoBase/Slice.cxx;lardataobj/lardataobj/RecoBase/SpacePoint.cxx;lardataobj/lardataobj/RecoBase/Track.cxx;lardataobj/lardataobj/RecoBase/TrackTrajectory.cxx;lardataobj/lardataobj/RecoBase/TrackingPlane.cxx;lardataobj/lardataobj/RecoBase/Trajectory.cxx;lardataobj/lardataobj/RecoBase/TrajectoryPointFlags.cxx;lardataobj/lardataobj/RecoBase/Vertex.cxx;lardataobj/lardataobj/RecoBase/Wire.cxx	libCLHEP-Geometry-2.4.7.1.so;libCLHEP-Vector-2.4.7.1.so;libCore.so.6.28.12;libGenVector.so.6.28.12;libGeom.so.6.28.12;libHist.so.6.28.12;libImt.so.6.28.12;libMF_MessageLogger.so;libMathCore.so.6.28.12;libMatrix.so.6.28.12;libMultiProc.so.6.28.12;libNet.so.6.28.12;libPhysics.so.6.28.12;libRIO.so.6.28.12;libThread.so.6.28.12;libboost_atomic.so.1.82.0;libboost_filesystem.so.1.82.0;libboost_unit_test_framework.so.1.82.0;libcanvas.so;libcetlib.so;libcetlib_except.so;libcrypto.so;libfhiclcpp.so;libfhiclcpp_types.so;liblarcorealg_CoreUtils.so;liblarcorealg_Geometry.so;liblarcoreobj_SimpleTypesAndConstants.so;liblardataalg_DetectorInfo.so;liblardataobj_RawData.so;liblardataobj_RecoBase.so;libtbb.so.12	1	
DetectorTimingsStandard_test	lardataalg	larcorealg/larcorealg/CoreUtils/DebugUtils.cxx;larcorealg/larcorealg/CoreUtils/NumericUtils.cxx;larcorealg/larcorealg/CoreUtils/SearchPathPlusRelative.cxx;larcorealg/larcorealg/Geometry/AuxDetGeo.cxx;larcorealg/larcorealg/Geometry/AuxDetGeoObjectSorter.cxx;larcorealg/larcorealg/Geometry/AuxDetGeoObjectSorterStandard.cxx;larcorealg/larcorealg/Geometry/AuxDetGeometryCore.cxx;larcorealg/larcorealg/Geometry/AuxDetReadoutGeom.cxx;larcorealg/larcorealg/Geometry/AuxDetSensitiveGeo.cxx;larcorealg/larcorealg/Geometry/BoxBoundedGeo.cxx;larcorealg/larcorealg/Geometry/CryostatGeo.cxx;larcorealg/larcorealg/Geometry/GeoNodePath.cxx;larcorealg/larcorealg/Geometry/GeoObjectSorter.cxx;larcorealg/larcorealg/Geometry/GeoObjectSorterStandard.cxx;larcorealg/larcorealg/Geometry/GeoVectorLocalTransformation.cxx;larcorealg/larcorealg/Geometry/GeometryBuilderStandard.cxx;larcorealg/larcorealg/Geometry/GeometryCore.cxx;larcorealg/larcorealg/Geometry/Intersections.cxx;larcorealg/larcorealg/Geometry/LocalTransformation.cxx;larcorealg/larcorealg/Geometry/OpDetGeo.cxx;larcorealg/larcorealg/Geometry/PlaneGeo.cxx;larcorealg/larcorealg/Geometry/StandaloneGeometrySetup.cxx;larcorealg/larcorealg/Geometry/TPCGeo.cxx;larcorealg/larcorealg/Geometry/WireGeo.cxx;larcorealg/larcorealg/Geometry/WireReadoutDumper.cxx;larcorealg/larcorealg/Geometry/WireReadoutGeom.cxx;larcorealg/larcorealg/Geometry/WireReadoutGeomBuilderStandard.cxx;larcorealg/larcorealg/Geometry/WireReadoutSorterStandard.cxx;larcorealg/larcorealg/Geometry/WireReadoutStandardGeom.cxx;larcorealg/larcorealg/Geometry/details/GeometryIterationPolicy.cxx;larcorealg/larcorealg/Geometry/details/ReadoutIterationPolicy.cxx;larcorealg/larcorealg/Geometry/details/maybe_default_detector_name.cxx;larcorealg/larcorealg/TestUtils/NameSelector.cxx;larcoreobj/larcoreobj/SimpleTypesAndConstants/geo_types.cxx;lardataalg/lardataalg/DetectorInfo/DetectorClocksStandard.cxx;lardataalg/lardataalg/DetectorInfo/DetectorPropertiesData.cc;lardataalg/lardataalg/DetectorInfo/DetectorPropertiesStandard.cxx;lardataalg/lardataalg/DetectorInfo/ElecClock.cxx;lardataalg/lardataalg/DetectorInfo/LArPropertiesStandard.cxx;lardataalg/lardataalg/DetectorInfo/RunHistoryStandard.cxx;lardataalg/test/DetectorInfo/DetectorTimingsStandard_test.cc;lardataobj/lardataobj/RawData/AuxDetDigit.cxx;lardataobj/lardataobj/RawData/BeamInfo.cxx;lardataobj/lardataobj/RawData/DAQHeader.cxx;lardataobj/lardataobj/RawData/ExternalTrigger.cxx;lardataobj/lardataobj/RawData/OpDetPulse.cxx;lardataobj/lardataobj/RawData/RawDigit.cxx;lardataobj/lardataobj/RawData/TriggerData.cxx;lardataobj/lardataobj/RawData/raw.cxx;lardataobj/lardataobj/RecoBase/Cluster.cxx;lardataobj/lardataobj/RecoBase/Edge.cxx;lardataobj/lardataobj/RecoBase/EndPoint2D.cxx;lardataobj/lardataobj/RecoBase/Event.cxx;lardataobj/lardataobj/RecoBase/Hit.cxx;lardataobj/lardataobj/RecoBase/OpFlash.cxx;lardataobj/lardataobj/RecoBase/OpHit.cxx;lardataobj/lardataobj/RecoBase/OpWaveform.cxx;lardataobj/lardataobj/RecoBase/PCAxis.cxx;lardataobj/lardataobj/RecoBase/PFParticle.cxx;lardataobj/lardataobj/RecoBase/PFParticleMetadata.cxx;lardataobj/lardataobj/RecoBase/Seed.cxx;lardataobj/lardataobj/RecoBase/Shower.cxx;lardataobj/lardataobj/RecoBase/Slice.cxx;lardataobj/lardataobj/RecoBase/SpacePoint.cxx;lardataobj/lardataobj/RecoBase/Track.cxx;lardataobj/lardataobj/RecoBase/TrackTrajectory.cxx;lardataobj/lardataobj/RecoBase/TrackingPlane.cxx;lardataobj/lardataobj/RecoBase/Trajectory.cxx;lardataobj/lardataobj/RecoBase/TrajectoryPointFlags.cxx;lardataobj/lardataobj/RecoBase/Vertex.cxx;lardataobj/lardataobj/RecoBase/Wire.cxx	libCLHEP-Geometry-2.4.7.1.so;libCLHEP-Vector-2.4.7.1.so;libCore.so.6.28.12;libGenVector.so.6.28.12;libGeom.so.6.28.12;libHist.so.6.28.12;libImt.so.6.28.12;libMF_MessageLogger.so;libMathCore.so.6.28.12;libMatrix.so.6.28.12;libMultiProc.so.6.28.12;libNet.so.6.28.12;libPhysics.so.6.28.12;libRIO.so.6.28.12;libThread.so.6.28.12;libboost_atomic.so.1.82.0;libboost_filesystem.so.1.82.0;libcanvas.so;libcetlib.so;libcetlib_except.so;libcrypto.so;libfhiclcpp.so;libfhiclcpp_types.so;liblarcorealg_CoreUtils.so;liblarcorealg_Geometry.so;liblarcorealg_TestUtils.so;liblarcoreobj_SimpleTypesAndConstants.so;liblardataalg_DetectorInfo.so;liblardataobj_RawData.so;liblardataobj_RecoBase.so;libtbb.so.12	1	
LArPropertiesBo_test	lardataalg	larcorealg/larcorealg/CoreUtils/DebugUtils.cxx;larcorealg/larcorealg/CoreUtils/NumericUtils.cxx;larcorealg/larcorealg/CoreUtils/SearchPathPlusRelative.cxx;larcorealg/larcorealg/Geometry/AuxDetGeo.cxx;larcorealg/larcorealg/Geometry/AuxDetGeoObjectSorter.cxx;larcorealg/larcorealg/Geometry/AuxDetGeoObjectSorterStandard.cxx;larcorealg/larcorealg/Geometry/AuxDetGeometryCore.cxx;larcorealg/larcorealg/Geometry/AuxDetReadoutGeom.cxx;larcorealg/larcorealg/Geometry/AuxDetSensitiveGeo.cxx;larcorealg/larcorealg/Geometry/BoxBoundedGeo.cxx;larcorealg/larcorealg/Geometry/CryostatGeo.cxx;larcorealg/larcorealg/Geometry/GeoNodePath.cxx;larcorealg/larcorealg/Geometry/GeoObjectSorter.cxx;larcorealg/larcorealg/Geometry/GeoObjectSorterStandard.cxx;larcorealg/larcorealg/Geometry/GeoVectorLocalTransformation.cxx;larcorealg/larcorealg/Geometry/GeometryBuilderStandard.cxx;larcorealg/larcorealg/Geometry/GeometryCore.cxx;larcorealg/larcorealg/Geometry/Intersections.cxx;larcorealg/larcorealg/Geometry/LocalTransformation.cxx;larcorealg/larcorealg/Geometry/OpDetGeo.cxx;larcorealg/larcorealg/Geometry/PlaneGeo.cxx;larcorealg/larcorealg/Geometry/StandaloneGeometrySetup.cxx;larcorealg/larcorealg/Geometry/TPCGeo.cxx;larcorealg/larcorealg/Geometry/WireGeo.cxx;larcorealg/larcorealg/Geometry/WireReadoutDumper.cxx;larcorealg/larcorealg/Geometry/WireReadoutGeom.cxx;larcorealg/larcorealg/Geometry/WireReadoutGeomBuilderStandard.cxx;larcorealg/larcorealg/Geometry/WireReadoutSorterStandard.cxx;larcorealg/larcorealg/Geometry/WireReadoutStandardGeom.cxx;larcorealg/larcorealg/Geometry/details/GeometryIterationPolicy.cxx;larcorealg/larcorealg/Geometry/details/ReadoutIterationPolicy.cxx;larcorealg/larcorealg/Geometry/details/maybe_default_detector_name.cxx;larcorealg/larcorealg/TestUtils/NameSelector.cxx;larcoreobj/larcoreobj/SimpleTypesAndConstants/geo_types.cxx;lardataalg/lardataalg/DetectorInfo/DetectorClocksStandard.cxx;lardataalg/lardataalg/DetectorInfo/DetectorPropertiesData.cc;lardataalg/lardataalg/DetectorInfo/DetectorPropertiesStandard.cxx;lardataalg/lardataalg/DetectorInfo/ElecClock.cxx;lardataalg/lardataalg/DetectorInfo/LArPropertiesStandard.cxx;lardataalg/lardataalg/DetectorInfo/RunHistoryStandard.cxx;lardataalg/test/DetectorInfo/LArPropertiesStandard_test.cc;lardataobj/lardataobj/RawData/AuxDetDigit.cxx;lardataobj/lardataobj/RawData/BeamInfo.cxx;lardataobj/lardataobj/RawData/DAQHeader.cxx;lardataobj/lardataobj/RawData/ExternalTrigger.cxx;lardataobj/lardataobj/RawData/OpDetPulse.cxx;lardataobj/lardataobj/RawData/RawDigit.cxx;lardataobj/lardataobj/RawData/TriggerData.cxx;lardataobj/lardataobj/RawData/raw.cxx	libCLHEP-Geometry-2.4.7.1.so;libCLHEP-Vector-2.4.7.1.so;libCore.so.6.28.12;libGenVector.so.6.28.12;libGeom.so.6.28.12;libHist.so.6.28.12;libImt.so.6.28.12;libMF_MessageLogger.so;libMathCore.so.6.28.12;libMatrix.so.6.28.12;libMultiProc.so.6.28.12;libNet.so.6.28.12;libPhysics.so.6.28.12;libRIO.so.6.28.12;libThread.so.6.28.12;libboost_atomic.so.1.82.0;libboost_filesystem.so.1.82.0;libcanvas.so;libcetlib.so;libcetlib_except.so;libcrypto.so;libfhiclcpp.so;libfhiclcpp_types.so;liblarcorealg_CoreUtils.so;liblarcorealg_Geometry.so;liblarcorealg_TestUtils.so;liblarcoreobj_SimpleTypesAndConstants.so;liblardataalg_DetectorInfo.so;liblardataobj_RawData.so;libtbb.so.12	1	
LArPropertiesLArTPCdetector_test	lardataalg	larcorealg/larcorealg/CoreUtils/DebugUtils.cxx;larcorealg/larcorealg/CoreUtils/NumericUtils.cxx;larcorealg/larcorealg/CoreUtils/SearchPathPlusRelative.cxx;larcorealg/larcorealg/Geometry/AuxDetGeo.cxx;larcorealg/larcorealg/Geometry/AuxDetGeoObjectSorter.cxx;larcorealg/larcorealg/Geometry/AuxDetGeoObjectSorterStandard.cxx;larcorealg/larcorealg/Geometry/AuxDetGeometryCore.cxx;larcorealg/larcorealg/Geometry/AuxDetReadoutGeom.cxx;larcorealg/larcorealg/Geometry/AuxDetSensitiveGeo.cxx;larcorealg/larcorealg/Geometry/BoxBoundedGeo.cxx;larcorealg/larcorealg/Geometry/CryostatGeo.cxx;larcorealg/larcorealg/Geometry/GeoNodePath.cxx;larcorealg/larcorealg/Geometry/GeoObjectSorter.cxx;larcorealg/larcorealg/Geometry/GeoObjectSorterStandard.cxx;larcorealg/larcorealg/Geometry/GeoVectorLocalTransformation.cxx;larcorealg/larcorealg/Geometry/GeometryBuilderStandard.cxx;larcorealg/larcorealg/Geometry/GeometryCore.cxx;larcorealg/larcorealg/Geometry/Intersections.cxx;larcorealg/larcorealg/Geometry/LocalTransformation.cxx;larcorealg/larcorealg/Geometry/OpDetGeo.cxx;larcorealg/larcorealg/Geometry/PlaneGeo.cxx;larcorealg/larcorealg/Geometry/StandaloneGeometrySetup.cxx;larcorealg/larcorealg/Geometry/TPCGeo.cxx;larcorealg/larcorealg/Geometry/WireGeo.cxx;larcorealg/larcorealg/Geometry/WireReadoutDumper.cxx;larcorealg/larcorealg/Geometry/WireReadoutGeom.cxx;larcorealg/larcorealg/Geometry/WireReadoutGeomBuilderStandard.cxx;larcorealg/larcorealg/Geometry/WireReadoutSorterStandard.cxx;larcorealg/larcorealg/Geometry/WireReadoutStandardGeom.cxx;larcorealg/larcorealg/Geometry/details/GeometryIterationPolicy.cxx;larcorealg/larcorealg/Geometry/details/ReadoutIterationPolicy.cxx;larcorealg/larcorealg/Geometry/details/maybe_default_detector_name.cxx;larcorealg/larcorealg/TestUtils/NameSelector.cxx;larcoreobj/larcoreobj/SimpleTypesAndConstants/geo_types.cxx;lardataalg/lardataalg/DetectorInfo/DetectorClocksStandard.cxx;lardataalg/lardataalg/DetectorInfo/DetectorPropertiesData.cc;lardataalg/lardataalg/DetectorInfo/DetectorPropertiesStandard.cxx;lardataalg/lardataalg/DetectorInfo/ElecClock.cxx;lardataalg/lardataalg/DetectorInfo/LArPropertiesStandard.cxx;lardataalg/lardataalg/DetectorInfo/RunHistoryStandard.cxx;lardataalg/test/DetectorInfo/LArPropertiesStandard_test.cc;lardataobj/lardataobj/RawData/AuxDetDigit.cxx;lardataobj/lardataobj/RawData/BeamInfo.cxx;lardataobj/lardataobj/RawData/DAQHeader.cxx;lardataobj/lardataobj/RawData/ExternalTrigger.cxx;lardataobj/lardataobj/RawData/OpDetPulse.cxx;lardataobj/lardataobj/RawData/RawDigit.cxx;lardataobj/lardataobj/RawData/TriggerData.cxx;lardataobj/lardataobj/RawData/raw.cxx	libCLHEP-Geometry-2.4.7.1.so;libCLHEP-Vector-2.4.7.1.so;libCore.so.6.28.12;libGenVector.so.6.28.12;libGeom.so.6.28.12;libHist.so.6.28.12;libImt.so.6.28.12;libMF_MessageLogger.so;libMathCore.so.6.28.12;libMatrix.so.6.28.12;libMultiProc.so.6.28.12;libNet.so.6.28.12;libPhysics.so.6.28.12;libRIO.so.6.28.12;libThread.so.6.28.12;libboost_atomic.so.1.82.0;libboost_filesystem.so.1.82.0;libcanvas.so;libcetlib.so;libcetlib_except.so;libcrypto.so;libfhiclcpp.so;libfhiclcpp_types.so;liblarcorealg_CoreUtils.so;liblarcorealg_Geometry.so;liblarcorealg_TestUtils.so;liblarcoreobj_SimpleTypesAndConstants.so;liblardataalg_DetectorInfo.so;liblardataobj_RawData.so;libtbb.so.12	1	
LArPropertiesStandard_test	lardataalg	larcorealg/larcorealg/CoreUtils/DebugUtils.cxx;larcorealg/larcorealg/CoreUtils/NumericUtils.cxx;larcorealg/larcorealg/CoreUtils/SearchPathPlusRelative.cxx;larcorealg/larcorealg/Geometry/AuxDetGeo.cxx;larcorealg/larcorealg/Geometry/AuxDetGeoObjectSorter.cxx;larcorealg/larcorealg/Geometry/AuxDetGeoObjectSorterStandard.cxx;larcorealg/larcorealg/Geometry/AuxDetGeometryCore.cxx;larcorealg/larcorealg/Geometry/AuxDetReadoutGeom.cxx;larcorealg/larcorealg/Geometry/AuxDetSensitiveGeo.cxx;larcorealg/larcorealg/Geometry/BoxBoundedGeo.cxx;larcorealg/larcorealg/Geometry/CryostatGeo.cxx;larcorealg/larcorealg/Geometry/GeoNodePath.cxx;larcorealg/larcorealg/Geometry/GeoObjectSorter.cxx;larcorealg/larcorealg/Geometry/GeoObjectSorterStandard.cxx;larcorealg/larcorealg/Geometry/GeoVectorLocalTransformation.cxx;larcorealg/larcorealg/Geometry/GeometryBuilderStandard.cxx;larcorealg/larcorealg/Geometry/GeometryCore.cxx;larcorealg/larcorealg/Geometry/Intersections.cxx;larcorealg/larcorealg/Geometry/LocalTransformation.cxx;larcorealg/larcorealg/Geometry/OpDetGeo.cxx;larcorealg/larcorealg/Geometry/PlaneGeo.cxx;larcorealg/larcorealg/Geometry/StandaloneGeometrySetup.cxx;larcorealg/larcorealg/Geometry/TPCGeo.cxx;larcorealg/larcorealg/Geometry/WireGeo.cxx;larcorealg/larcorealg/Geometry/WireReadoutDumper.cxx;larcorealg/larcorealg/Geometry/WireReadoutGeom.cxx;larcorealg/larcorealg/Geometry/WireReadoutGeomBuilderStandard.cxx;larcorealg/larcorealg/Geometry/WireReadoutSorterStandard.cxx;larcorealg/larcorealg/Geometry/WireReadoutStandardGeom.cxx;larcorealg/larcorealg/Geometry/details/GeometryIterationPolicy.cxx;larcorealg/larcorealg/Geometry/details/ReadoutIterationPolicy.cxx;larcorealg/larcorealg/Geometry/details/maybe_default_detector_name.cxx;larcorealg/larcorealg/TestUtils/NameSelector.cxx;larcoreobj/larcoreobj/SimpleTypesAndConstants/geo_types.cxx;lardataalg/lardataalg/DetectorInfo/DetectorClocksStandard.cxx;lardataalg/lardataalg/DetectorInfo/DetectorPropertiesData.cc;lardataalg/lardataalg/DetectorInfo/DetectorPropertiesStandard.cxx;lardataalg/lardataalg/DetectorInfo/ElecClock.cxx;lardataalg/lardataalg/DetectorInfo/LArPropertiesStandard.cxx;lardataalg/lardataalg/DetectorInfo/RunHistoryStandard.cxx;lardataalg/test/DetectorInfo/LArPropertiesStandard_test.cc;lardataobj/lardataobj/RawData/AuxDetDigit.cxx;lardataobj/lardataobj/RawData/BeamInfo.cxx;lardataobj/lardataobj/RawData/DAQHeader.cxx;lardataobj/lardataobj/RawData/ExternalTrigger.cxx;lardataobj/lardataobj/RawData/OpDetPulse.cxx;lardataobj/lardataobj/RawData/RawDigit.cxx;lardataobj/lardataobj/RawData/TriggerData.cxx;lardataobj/lardataobj/RawData/raw.cxx	libCLHEP-Geometry-2.4.7.1.so;libCLHEP-Vector-2.4.7.1.so;libCore.so.6.28.12;libGenVector.so.6.28.12;libGeom.so.6.28.12;libHist.so.6.28.12;libImt.so.6.28.12;libMF_MessageLogger.so;libMathCore.so.6.28.12;libMatrix.so.6.28.12;libMultiProc.so.6.28.12;libNet.so.6.28.12;libPhysics.so.6.28.12;libRIO.so.6.28.12;libThread.so.6.28.12;libboost_atomic.so.1.82.0;libboost_filesystem.so.1.82.0;libcanvas.so;libcetlib.so;libcetlib_except.so;libcrypto.so;libfhiclcpp.so;libfhiclcpp_types.so;liblarcorealg_CoreUtils.so;liblarcorealg_Geometry.so;liblarcorealg_TestUtils.so;liblarcoreobj_SimpleTypesAndConstants.so;liblardataalg_DetectorInfo.so;liblardataobj_RawData.so;libtbb.so.12	1	
MappedContainer_test	lardataalg	larcoreobj/larcoreobj/SimpleTypesAndConstants/geo_types.cxx;lardataalg/test/Utilities/MappedContainer_test.cc;lardataobj/lardataobj/RecoBase/Cluster.cxx;lardataobj/lardataobj/RecoBase/Edge.cxx;lardataobj/lardataobj/RecoBase/EndPoint2D.cxx;lardataobj/lardataobj/RecoBase/Event.cxx;lardataobj/lardataobj/RecoBase/Hit.cxx;lardataobj/lardataobj/RecoBase/OpFlash.cxx;lardataobj/lardataobj/RecoBase/OpHit.cxx;lardataobj/lardataobj/RecoBase/OpWaveform.cxx;lardataobj/lardataobj/RecoBase/PCAxis.cxx;lardataobj/lardataobj/RecoBase/PFParticle.cxx;lardataobj/lardataobj/RecoBase/PFParticleMetadata.cxx;lardataobj/lardataobj/RecoBase/Seed.cxx;lardataobj/lardataobj/RecoBase/Shower.cxx;lardataobj/lardataobj/RecoBase/Slice.cxx;lardataobj/lardataobj/RecoBase/SpacePoint.cxx;lardataobj/lardataobj/RecoBase/Track.cxx;lardataobj/lardataobj/RecoBase/TrackTrajectory.cxx;lardataobj/lardataobj/RecoBase/TrackingPlane.cxx;lardataobj/lardataobj/RecoBase/Trajectory.cxx;lardataobj/lardataobj/RecoBase/TrajectoryPointFlags.cxx;lardataobj/lardataobj/RecoBase/Vertex.cxx;lardataobj/lardataobj/RecoBase/Wire.cxx	libCore.so.6.28.12;libGenVector.so.6.28.12;libImt.so.6.28.12;libMF_MessageLogger.so;libMathCore.so.6.28.12;libMatrix.so.6.28.12;libMultiProc.so.6.28.12;libNet.so.6.28.12;libPhysics.so.6.28.12;libRIO.so.6.28.12;libThread.so.6.28.12;libboost_atomic.so.1.82.0;libboost_filesystem.so.1.82.0;libboost_unit_test_framework.so.1.82.0;libcetlib.so;libcetlib_except.so;libcrypto.so;libfhiclcpp.so;libfhiclcpp_types.so;liblarcoreobj_SimpleTypesAndConstants.so;liblardataobj_RecoBase.so;libtbb.so.12	1	
MultipleChoiceSelection_test	lardataalg	larcoreobj/larcoreobj/SimpleTypesAndConstants/geo_types.cxx;lardataalg/test/Utilities/MultipleChoiceSelection_test.cc;lardataobj/lardataobj/RecoBase/Cluster.cxx;lardataobj/lardataobj/RecoBase/Edge.cxx;lardataobj/lardataobj/RecoBase/EndPoint2D.cxx;lardataobj/lardataobj/RecoBase/Event.cxx;lardataobj/lardataobj/RecoBase/Hit.cxx;lardataobj/lardataobj/RecoBase/OpFlash.cxx;lardataobj/lardataobj/RecoBase/OpHit.cxx;lardataobj/lardataobj/RecoBase/OpWaveform.cxx;lardataobj/lardataobj/RecoBase/PCAxis.cxx;lardataobj/lardataobj/RecoBase/PFParticle.cxx;lardataobj/lardataobj/RecoBase/PFParticleMetadata.cxx;lardataobj/lardataobj/RecoBase/Seed.cxx;lardataobj/lardataobj/RecoBase/Shower.cxx;lardataobj/lardataobj/RecoBase/Slice.cxx;lardataobj/lardataobj/RecoBase/SpacePoint.cxx;lardataobj/lardataobj/RecoBase/Track.cxx;lardataobj/lardataobj/RecoBase/TrackTrajectory.cxx;lardataobj/lardataobj/RecoBase/TrackingPlane.cxx;lardataobj/lardataobj/RecoBase/Trajectory.cxx;lardataobj/lardataobj/RecoBase/TrajectoryPointFlags.cxx;lardataobj/lardataobj/RecoBase/Vertex.cxx;lardataobj/lardataobj/RecoBase/Wire.cxx	libCore.so.6.28.12;libGenVector.so.6.28.12;libImt.so.6.28.12;libMF_MessageLogger.so;libMathCore.so.6.28.12;libMatrix.so.6.28.12;libMultiProc.so.6.28.12;libNet.so.6.28.12;libPhysics.so.6.28.12;libRIO.so.6.28.12;libThread.so.6.28.12;libboost_atomic.so.1.82.0;libboost_filesystem.so.1.82.0;libboost_unit_test_framework.so.1.82.0;libcetlib.so;libcetlib_except.so;libcrypto.so;libfhiclcpp.so;libfhiclcpp_types.so;liblarcoreobj_SimpleTypesAndConstants.so;liblardataobj_RecoBase.so;libtbb.so.12	1	
StatCollector_test	lardataalg	larcoreobj/larcoreobj/SimpleTypesAndConstants/geo_types.cxx;lardataalg/test/Utilities/StatCollector_test.cc;lardataobj/lardataobj/RecoBase/Cluster.cxx;lardataobj/lardataobj/RecoBase/Edge.cxx;lardataobj/lardataobj/RecoBase/EndPoint2D.cxx;lardataobj/lardataobj/RecoBase/Event.cxx;lardataobj/lardataobj/RecoBase/Hit.cxx;lardataobj/lardataobj/RecoBase/OpFlash.cxx;lardataobj/lardataobj/RecoBase/OpHit.cxx;lardataobj/lardataobj/RecoBase/OpWaveform.cxx;lardataobj/lardataobj/RecoBase/PCAxis.cxx;lardataobj/lardataobj/RecoBase/PFParticle.cxx;lardataobj/lardataobj/RecoBase/PFParticleMetadata.cxx;lardataobj/lardataobj/RecoBase/Seed.cxx;lardataobj/lardataobj/RecoBase/Shower.cxx;lardataobj/lardataobj/RecoBase/Slice.cxx;lardataobj/lardataobj/RecoBase/SpacePoint.cxx;lardataobj/lardataobj/RecoBase/Track.cxx;lardataobj/lardataobj/RecoBase/TrackTrajectory.cxx;lardataobj/lardataobj/RecoBase/TrackingPlane.cxx;lardataobj/lardataobj/RecoBase/Trajectory.cxx;lardataobj/lardataobj/RecoBase/TrajectoryPointFlags.cxx;lardataobj/lardataobj/RecoBase/Vertex.cxx;lardataobj/lardataobj/RecoBase/Wire.cxx	libCore.so.6.28.12;libGenVector.so.6.28.12;libImt.so.6.28.12;libMF_MessageLogger.so;libMathCore.so.6.28.12;libMatrix.so.6.28.12;libMultiProc.so.6.28.12;libNet.so.6.28.12;libPhysics.so.6.28.12;libRIO.so.6.28.12;libThread.so.6.28.12;libboost_atomic.so.1.82.0;libboost_filesystem.so.1.82.0;libboost_unit_test_framework.so.1.82.0;libcetlib.so;libcetlib_except.so;libcrypto.so;libfhiclcpp.so;libfhiclcpp_types.so;liblarcoreobj_SimpleTypesAndConstants.so;liblardataobj_RecoBase.so;libtbb.so.12	1	
constexpr_math_test	lardataalg	larcoreobj/larcoreobj/SimpleTypesAndConstants/geo_types.cxx;lardataalg/test/Utilities/constexpr_math_test.cc;lardataobj/lardataobj/RecoBase/Cluster.cxx;lardataobj/lardataobj/RecoBase/Edge.cxx;lardataobj/lardataobj/RecoBase/EndPoint2D.cxx;lardataobj/lardataobj/RecoBase/Event.cxx;lardataobj/lardataobj/RecoBase/Hit.cxx;lardataobj/lardataobj/RecoBase/OpFlash.cxx;lardataobj/lardataobj/RecoBase/OpHit.cxx;lardataobj/lardataobj/RecoBase/OpWaveform.cxx;lardataobj/lardataobj/RecoBase/PCAxis.cxx;lardataobj/lardataobj/RecoBase/PFParticle.cxx;lardataobj/lardataobj/RecoBase/PFParticleMetadata.cxx;lardataobj/lardataobj/RecoBase/Seed.cxx;lardataobj/lardataobj/RecoBase/Shower.cxx;lardataobj/lardataobj/RecoBase/Slice.cxx;lardataobj/lardataobj/RecoBase/SpacePoint.cxx;lardataobj/lardataobj/RecoBase/Track.cxx;lardataobj/lardataobj/RecoBase/TrackTrajectory.cxx;lardataobj/lardataobj/RecoBase/TrackingPlane.cxx;lardataobj/lardataobj/RecoBase/Trajectory.cxx;lardataobj/lardataobj/RecoBase/TrajectoryPointFlags.cxx;lardataobj/lardataobj/RecoBase/Vertex.cxx;lardataobj/lardataobj/RecoBase/Wire.cxx	libCore.so.6.28.12;libGenVector.so.6.28.12;libImt.so.6.28.12;libMF_MessageLogger.so;libMathCore.so.6.28.12;libMatrix.so.6.28.12;libMultiProc.so.6.28.12;libNet.so.6.28.12;libPhysics.so.6.28.12;libRIO.so.6.28.12;libThread.so.6.28.12;libboost_atomic.so.1.82.0;libboost_filesystem.so.1.82.0;libcetlib.so;libcetlib_except.so;libcrypto.so;libfhiclcpp.so;libfhiclcpp_types.so;liblarcoreobj_SimpleTypesAndConstants.so;liblardataobj_RecoBase.so;libtbb.so.12	1	
datasize_test	lardataalg	larcoreobj/larcoreobj/SimpleTypesAndConstants/geo_types.cxx;lardataalg/test/Utilities/datasize_test.cc;lardataobj/lardataobj/RecoBase/Cluster.cxx;lardataobj/lardataobj/RecoBase/Edge.cxx;lardataobj/lardataobj/RecoBase/EndPoint2D.cxx;lardataobj/lardataobj/RecoBase/Event.cxx;lardataobj/lardataobj/RecoBase/Hit.cxx;lardataobj/lardataobj/RecoBase/OpFlash.cxx;lardataobj/lardataobj/RecoBase/OpHit.cxx;lardataobj/lardataobj/RecoBase/OpWaveform.cxx;lardataobj/lardataobj/RecoBase/PCAxis.cxx;lardataobj/lardataobj/RecoBase/PFParticle.cxx;lardataobj/lardataobj/RecoBase/PFParticleMetadata.cxx;lardataobj/lardataobj/RecoBase/Seed.cxx;lardataobj/lardataobj/RecoBase/Shower.cxx;lardataobj/lardataobj/RecoBase/Slice.cxx;lardataobj/lardataobj/RecoBase/SpacePoint.cxx;lardataobj/lardataobj/RecoBase/Track.cxx;lardataobj/lardataobj/RecoBase/TrackTrajectory.cxx;lardataobj/lardataobj/RecoBase/TrackingPlane.cxx;lardataobj/lardataobj/RecoBase/Trajectory.cxx;lardataobj/lardataobj/RecoBase/TrajectoryPointFlags.cxx;lardataobj/lardataobj/RecoBase/Vertex.cxx;lardataobj/lardataobj/RecoBase/Wire.cxx	libCore.so.6.28.12;libGenVector.so.6.28.12;libImt.so.6.28.12;libMF_MessageLogger.so;libMathCore.so.6.28.12;libMatrix.so.6.28.12;libMultiProc.so.6.28.12;libNet.so.6.28.12;libPhysics.so.6.28.12;libRIO.so.6.28.12;libThread.so.6.28.12;libboost_atomic.so.1.82.0;libboost_filesystem.so.1.82.0;libboost_unit_test_framework.so.1.82.0;libcetlib.so;libcetlib_except.so;libcrypto.so;libfhiclcpp.so;libfhiclcpp_types.so;liblarcoreobj_SimpleTypesAndConstants.so;liblardataobj_RecoBase.so;libtbb.so.12	1	
energy_test	lardataalg	larcoreobj/larcoreobj/SimpleTypesAndConstants/geo_types.cxx;lardataalg/test/Utilities/energy_test.cc;lardataobj/lardataobj/RecoBase/Cluster.cxx;lardataobj/lardataobj/RecoBase/Edge.cxx;lardataobj/lardataobj/RecoBase/EndPoint2D.cxx;lardataobj/lardataobj/RecoBase/Event.cxx;lardataobj/lardataobj/RecoBase/Hit.cxx;lardataobj/lardataobj/RecoBase/OpFlash.cxx;lardataobj/lardataobj/RecoBase/OpHit.cxx;lardataobj/lardataobj/RecoBase/OpWaveform.cxx;lardataobj/lardataobj/RecoBase/PCAxis.cxx;lardataobj/lardataobj/RecoBase/PFParticle.cxx;lardataobj/lardataobj/RecoBase/PFParticleMetadata.cxx;lardataobj/lardataobj/RecoBase/Seed.cxx;lardataobj/lardataobj/RecoBase/Shower.cxx;lardataobj/lardataobj/RecoBase/Slice.cxx;lardataobj/lardataobj/RecoBase/SpacePoint.cxx;lardataobj/lardataobj/RecoBase/Track.cxx;lardataobj/lardataobj/RecoBase/TrackTrajectory.cxx;lardataobj/lardataobj/RecoBase/TrackingPlane.cxx;lardataobj/lardataobj/RecoBase/Trajectory.cxx;lardataobj/lardataobj/RecoBase/TrajectoryPointFlags.cxx;lardataobj/lardataobj/RecoBase/Vertex.cxx;lardataobj/lardataobj/RecoBase/Wire.cxx	libCore.so.6.28.12;libGenVector.so.6.28.12;libImt.so.6.28.12;libMF_MessageLogger.so;libMathCore.so.6.28.12;libMatrix.so.6.28.12;libMultiProc.so.6.28.12;libNet.so.6.28.12;libPhysics.so.6.28.12;libRIO.so.6.28.12;libThread.so.6.28.12;libboost_atomic.so.1.82.0;libboost_filesystem.so.1.82.0;libboost_unit_test_framework.so.1.82.0;libcetlib.so;libcetlib_except.so;libcrypto.so;libfhiclcpp.so;libfhiclcpp_types.so;liblarcoreobj_SimpleTypesAndConstants.so;liblardataobj_RecoBase.so;libtbb.so.12	1	
frequency_test	lardataalg	larcoreobj/larcoreobj/SimpleTypesAndConstants/geo_types.cxx;lardataalg/test/Utilities/frequency_test.cc;lardataobj/lardataobj/RecoBase/Cluster.cxx;lardataobj/lardataobj/RecoBase/Edge.cxx;lardataobj/lardataobj/RecoBase/EndPoint2D.cxx;lardataobj/lardataobj/RecoBase/Event.cxx;lardataobj/lardataobj/RecoBase/Hit.cxx;lardataobj/lardataobj/RecoBase/OpFlash.cxx;lardataobj/lardataobj/RecoBase/OpHit.cxx;lardataobj/lardataobj/RecoBase/OpWaveform.cxx;lardataobj/lardataobj/RecoBase/PCAxis.cxx;lardataobj/lardataobj/RecoBase/PFParticle.cxx;lardataobj/lardataobj/RecoBase/PFParticleMetadata.cxx;lardataobj/lardataobj/RecoBase/Seed.cxx;lardataobj/lardataobj/RecoBase/Shower.cxx;lardataobj/lardataobj/RecoBase/Slice.cxx;lardataobj/lardataobj/RecoBase/SpacePoint.cxx;lardataobj/lardataobj/RecoBase/Track.cxx;lardataobj/lardataobj/RecoBase/TrackTrajectory.cxx;lardataobj/lardataobj/RecoBase/TrackingPlane.cxx;lardataobj/lardataobj/RecoBase/Trajectory.cxx;lardataobj/lardataobj/RecoBase/TrajectoryPointFlags.cxx;lardataobj/lardataobj/RecoBase/Vertex.cxx;lardataobj/lardataobj/RecoBase/Wire.cxx	libCore.so.6.28.12;libGenVector.so.6.28.12;libImt.so.6.28.12;libMF_MessageLogger.so;libMathCore.so.6.28.12;libMatrix.so.6.28.12;libMultiProc.so.6.28.12;libNet.so.6.28.12;libPhysics.so.6.28.12;libRIO.so.6.28.12;libThread.so.6.28.12;libboost_atomic.so.1.82.0;libboost_filesystem.so.1.82.0;libboost_unit_test_framework.so.1.82.0;libcetlib.so;libcetlib_except.so;libcrypto.so;libfhiclcpp.so;libfhiclcpp_types.so;liblarcoreobj_SimpleTypesAndConstants.so;liblardataobj_RecoBase.so;libtbb.so.12	1	
intervals_fhicl_test	lardataalg	larcoreobj/larcoreobj/SimpleTypesAndConstants/geo_types.cxx;lardataalg/test/Utilities/intervals_fhicl_test.cc;lardataobj/lardataobj/RecoBase/Cluster.cxx;lardataobj/lardataobj/RecoBase/Edge.cxx;lardataobj/lardataobj/RecoBase/EndPoint2D.cxx;lardataobj/lardataobj/RecoBase/Event.cxx;lardataobj/lardataobj/RecoBase/Hit.cxx;lardataobj/lardataobj/RecoBase/OpFlash.cxx;lardataobj/lardataobj/RecoBase/OpHit.cxx;lardataobj/lardataobj/RecoBase/OpWaveform.cxx;lardataobj/lardataobj/RecoBase/PCAxis.cxx;lardataobj/lardataobj/RecoBase/PFParticle.cxx;lardataobj/lardataobj/RecoBase/PFParticleMetadata.cxx;lardataobj/lardataobj/RecoBase/Seed.cxx;lardataobj/lardataobj/RecoBase/Shower.cxx;lardataobj/lardataobj/RecoBase/Slice.cxx;lardataobj/lardataobj/RecoBase/SpacePoint.cxx;lardataobj/lardataobj/RecoBase/Track.cxx;lardataobj/lardataobj/RecoBase/TrackTrajectory.cxx;lardataobj/lardataobj/RecoBase/TrackingPlane.cxx;lardataobj/lardataobj/RecoBase/Trajectory.cxx;lardataobj/lardataobj/RecoBase/TrajectoryPointFlags.cxx;lardataobj/lardataobj/RecoBase/Vertex.cxx;lardataobj/lardataobj/RecoBase/Wire.cxx	libCore.so.6.28.12;libGenVector.so.6.28.12;libImt.so.6.28.12;libMF_MessageLogger.so;libMathCore.so.6.28.12;libMatrix.so.6.28.12;libMultiProc.so.6.28.12;libNet.so.6.28.12;libPhysics.so.6.28.12;libRIO.so.6.28.12;libThread.so.6.28.12;libboost_atomic.so.1.82.0;libboost_filesystem.so.1.82.0;libboost_unit_test_framework.so.1.82.0;libcetlib.so;libcetlib_except.so;libcrypto.so;libfhiclcpp.so;libfhiclcpp_types.so;liblarcoreobj_SimpleTypesAndConstants.so;liblardataobj_RecoBase.so;libtbb.so.12	1	
intervals_test	lardataalg	larcorealg/larcorealg/CoreUtils/DebugUtils.cxx;larcorealg/larcorealg/CoreUtils/NumericUtils.cxx;larcorealg/larcorealg/CoreUtils/SearchPathPlusRelative.cxx;larcoreobj/larcoreobj/SimpleTypesAndConstants/geo_types.cxx;lardataalg/test/Utilities/intervals_test.cc;lardataobj/lardataobj/RecoBase/Cluster.cxx;lardataobj/lardataobj/RecoBase/Edge.cxx;lardataobj/lardataobj/RecoBase/EndPoint2D.cxx;lardataobj/lardataobj/RecoBase/Event.cxx;lardataobj/lardataobj/RecoBase/Hit.cxx;lardataobj/lardataobj/RecoBase/OpFlash.cxx;lardataobj/lardataobj/RecoBase/OpHit.cxx;lardataobj/lardataobj/RecoBase/OpWaveform.cxx;lardataobj/lardataobj/RecoBase/PCAxis.cxx;lardataobj/lardataobj/RecoBase/PFParticle.cxx;lardataobj/lardataobj/RecoBase/PFParticleMetadata.cxx;lardataobj/lardataobj/RecoBase/Seed.cxx;lardataobj/lardataobj/RecoBase/Shower.cxx;lardataobj/lardataobj/RecoBase/Slice.cxx;lardataobj/lardataobj/RecoBase/SpacePoint.cxx;lardataobj/lardataobj/RecoBase/Track.cxx;lardataobj/lardataobj/RecoBase/TrackTrajectory.cxx;lardataobj/lardataobj/RecoBase/TrackingPlane.cxx;lardataobj/lardataobj/RecoBase/Trajectory.cxx;lardataobj/lardataobj/RecoBase/TrajectoryPointFlags.cxx;lardataobj/lardataobj/RecoBase/Vertex.cxx;lardataobj/lardataobj/RecoBase/Wire.cxx	libCore.so.6.28.12;libGenVector.so.6.28.12;libImt.so.6.28.12;libMF_MessageLogger.so;libMathCore.so.6.28.12;libMatrix.so.6.28.12;libMultiProc.so.6.28.12;libNet.so.6.28.12;libPhysics.so.6.28.12;libRIO.so.6.28.12;libThread.so.6.28.12;libboost_atomic.so.1.82.0;libboost_filesystem.so.1.82.0;libboost_unit_test_framework.so.1.82.0;libcetlib.so;libcetlib_except.so;libcrypto.so;libfhiclcpp.so;libfhiclcpp_types.so;liblarcorealg_CoreUtils.so;liblarcoreobj_SimpleTypesAndConstants.so;liblardataobj_RecoBase.so;libtbb.so.12	1	
quantities_fhicl_test	lardataalg	larcoreobj/larcoreobj/SimpleTypesAndConstants/geo_types.cxx;lardataalg/test/Utilities/quantities_fhicl_test.cc;lardataobj/lardataobj/RecoBase/Cluster.cxx;lardataobj/lardataobj/RecoBase/Edge.cxx;lardataobj/lardataobj/RecoBase/EndPoint2D.cxx;lardataobj/lardataobj/RecoBase/Event.cxx;lardataobj/lardataobj/RecoBase/Hit.cxx;lardataobj/lardataobj/RecoBase/OpFlash.cxx;lardataobj/lardataobj/RecoBase/OpHit.cxx;lardataobj/lardataobj/RecoBase/OpWaveform.cxx;lardataobj/lardataobj/RecoBase/PCAxis.cxx;lardataobj/lardataobj/RecoBase/PFParticle.cxx;lardataobj/lardataobj/RecoBase/PFParticleMetadata.cxx;lardataobj/lardataobj/RecoBase/Seed.cxx;lardataobj/lardataobj/RecoBase/Shower.cxx;lardataobj/lardataobj/RecoBase/Slice.cxx;lardataobj/lardataobj/RecoBase/SpacePoint.cxx;lardataobj/lardataobj/RecoBase/Track.cxx;lardataobj/lardataobj/RecoBase/TrackTrajectory.cxx;lardataobj/lardataobj/RecoBase/TrackingPlane.cxx;lardataobj/lardataobj/RecoBase/Trajectory.cxx;lardataobj/lardataobj/RecoBase/TrajectoryPointFlags.cxx;lardataobj/lardataobj/RecoBase/Vertex.cxx;lardataobj/lardataobj/RecoBase/Wire.cxx	libCore.so.6.28.12;libGenVector.so.6.28.12;libImt.so.6.28.12;libMF_MessageLogger.so;libMathCore.so.6.28.12;libMatrix.so.6.28.12;libMultiProc.so.6.28.12;libNet.so.6.28.12;libPhysics.so.6.28.12;libRIO.so.6.28.12;libThread.so.6.28.12;libboost_atomic.so.1.82.0;libboost_filesystem.so.1.82.0;libboost_unit_test_framework.so.1.82.0;libcetlib.so;libcetlib_except.so;libcrypto.so;libfhiclcpp.so;libfhiclcpp_types.so;liblarcoreobj_SimpleTypesAndConstants.so;liblardataobj_RecoBase.so;libtbb.so.12	1	
quantities_test	lardataalg	larcoreobj/larcoreobj/SimpleTypesAndConstants/geo_types.cxx;lardataalg/test/Utilities/quantities_test.cc;lardataobj/lardataobj/RecoBase/Cluster.cxx;lardataobj/lardataobj/RecoBase/Edge.cxx;lardataobj/lardataobj/RecoBase/EndPoint2D.cxx;lardataobj/lardataobj/RecoBase/Event.cxx;lardataobj/lardataobj/RecoBase/Hit.cxx;lardataobj/lardataobj/RecoBase/OpFlash.cxx;lardataobj/lardataobj/RecoBase/OpHit.cxx;lardataobj/lardataobj/RecoBase/OpWaveform.cxx;lardataobj/lardataobj/RecoBase/PCAxis.cxx;lardataobj/lardataobj/RecoBase/PFParticle.cxx;lardataobj/lardataobj/RecoBase/PFParticleMetadata.cxx;lardataobj/lardataobj/RecoBase/Seed.cxx;lardataobj/lardataobj/RecoBase/Shower.cxx;lardataobj/lardataobj/RecoBase/Slice.cxx;lardataobj/lardataobj/RecoBase/SpacePoint.cxx;lardataobj/lardataobj/RecoBase/Track.cxx;lardataobj/lardataobj/RecoBase/TrackTrajectory.cxx;lardataobj/lardataobj/RecoBase/TrackingPlane.cxx;lardataobj/lardataobj/RecoBase/Trajectory.cxx;lardataobj/lardataobj/RecoBase/TrajectoryPointFlags.cxx;lardataobj/lardataobj/RecoBase/Vertex.cxx;lardataobj/lardataobj/RecoBase/Wire.cxx	libCore.so.6.28.12;libGenVector.so.6.28.12;libImt.so.6.28.12;libMF_MessageLogger.so;libMathCore.so.6.28.12;libMatrix.so.6.28.12;libMultiProc.so.6.28.12;libNet.so.6.28.12;libPhysics.so.6.28.12;libRIO.so.6.28.12;libThread.so.6.28.12;libboost_atomic.so.1.82.0;libboost_filesystem.so.1.82.0;libboost_unit_test_framework.so.1.82.0;libcetlib.so;libcetlib_except.so;libcrypto.so;libfhiclcpp.so;libfhiclcpp_types.so;liblarcoreobj_SimpleTypesAndConstants.so;liblardataobj_RecoBase.so;libtbb.so.12	1	
space_test	lardataalg	larcoreobj/larcoreobj/SimpleTypesAndConstants/geo_types.cxx;lardataalg/test/Utilities/space_test.cc;lardataobj/lardataobj/RecoBase/Cluster.cxx;lardataobj/lardataobj/RecoBase/Edge.cxx;lardataobj/lardataobj/RecoBase/EndPoint2D.cxx;lardataobj/lardataobj/RecoBase/Event.cxx;lardataobj/lardataobj/RecoBase/Hit.cxx;lardataobj/lardataobj/RecoBase/OpFlash.cxx;lardataobj/lardataobj/RecoBase/OpHit.cxx;lardataobj/lardataobj/RecoBase/OpWaveform.cxx;lardataobj/lardataobj/RecoBase/PCAxis.cxx;lardataobj/lardataobj/RecoBase/PFParticle.cxx;lardataobj/lardataobj/RecoBase/PFParticleMetadata.cxx;lardataobj/lardataobj/RecoBase/Seed.cxx;lardataobj/lardataobj/RecoBase/Shower.cxx;lardataobj/lardataobj/RecoBase/Slice.cxx;lardataobj/lardataobj/RecoBase/SpacePoint.cxx;lardataobj/lardataobj/RecoBase/Track.cxx;lardataobj/lardataobj/RecoBase/TrackTrajectory.cxx;lardataobj/lardataobj/RecoBase/TrackingPlane.cxx;lardataobj/lardataobj/RecoBase/Trajectory.cxx;lardataobj/lardataobj/RecoBase/TrajectoryPointFlags.cxx;lardataobj/lardataobj/RecoBase/Vertex.cxx;lardataobj/lardataobj/RecoBase/Wire.cxx	libCore.so.6.28.12;libGenVector.so.6.28.12;libImt.so.6.28.12;libMF_MessageLogger.so;libMathCore.so.6.28.12;libMatrix.so.6.28.12;libMultiProc.so.6.28.12;libNet.so.6.28.12;libPhysics.so.6.28.12;libRIO.so.6.28.12;libThread.so.6.28.12;libboost_atomic.so.1.82.0;libboost_filesystem.so.1.82.0;libboost_unit_test_framework.so.1.82.0;libcetlib.so;libcetlib_except.so;libcrypto.so;libfhiclcpp.so;libfhiclcpp_types.so;liblarcoreobj_SimpleTypesAndConstants.so;liblardataobj_RecoBase.so;libtbb.so.12	1	
Cluster_test	lardataobj	larcoreobj/larcoreobj/SimpleTypesAndConstants/geo_types.cxx;lardataobj/lardataobj/RecoBase/Cluster.cxx;lardataobj/lardataobj/RecoBase/Edge.cxx;lardataobj/lardataobj/RecoBase/EndPoint2D.cxx;lardataobj/lardataobj/RecoBase/Event.cxx;lardataobj/lardataobj/RecoBase/Hit.cxx;lardataobj/lardataobj/RecoBase/OpFlash.cxx;lardataobj/lardataobj/RecoBase/OpHit.cxx;lardataobj/lardataobj/RecoBase/OpWaveform.cxx;lardataobj/lardataobj/RecoBase/PCAxis.cxx;lardataobj/lardataobj/RecoBase/PFParticle.cxx;lardataobj/lardataobj/RecoBase/PFParticleMetadata.cxx;lardataobj/lardataobj/RecoBase/Seed.cxx;lardataobj/lardataobj/RecoBase/Shower.cxx;lardataobj/lardataobj/RecoBase/Slice.cxx;lardataobj/lardataobj/RecoBase/SpacePoint.cxx;lardataobj/lardataobj/RecoBase/Track.cxx;lardataobj/lardataobj/RecoBase/TrackTrajectory.cxx;lardataobj/lardataobj/RecoBase/TrackingPlane.cxx;lardataobj/lardataobj/RecoBase/Trajectory.cxx;lardataobj/lardataobj/RecoBase/TrajectoryPointFlags.cxx;lardataobj/lardataobj/RecoBase/Vertex.cxx;lardataobj/lardataobj/RecoBase/Wire.cxx;lardataobj/test/RecoBase/Cluster_test.cc	libCore.so.6.28.12;libGenVector.so.6.28.12;libImt.so.6.28.12;libMF_MessageLogger.so;libMathCore.so.6.28.12;libMatrix.so.6.28.12;libMultiProc.so.6.28.12;libNet.so.6.28.12;libPhysics.so.6.28.12;libRIO.so.6.28.12;libThread.so.6.28.12;libboost_atomic.so.1.82.0;libboost_filesystem.so.1.82.0;libboost_unit_test_framework.so.1.82.0;libcetlib.so;libcetlib_except.so;libcrypto.so;libfhiclcpp.so;libfhiclcpp_types.so;liblarcoreobj_SimpleTypesAndConstants.so;liblardataobj_RecoBase.so;libtbb.so.12	1	
Edge_test	lardataobj	larcoreobj/larcoreobj/SimpleTypesAndConstants/geo_types.cxx;lardataobj/lardataobj/RecoBase/Cluster.cxx;lardataobj/lardataobj/RecoBase/Edge.cxx;lardataobj/lardataobj/RecoBase/EndPoint2D.cxx;lardataobj/lardataobj/RecoBase/Event.cxx;lardataobj/lardataobj/RecoBase/Hit.cxx;lardataobj/lardataobj/RecoBase/OpFlash.cxx;lardataobj/lardataobj/RecoBase/OpHit.cxx;lardataobj/lardataobj/RecoBase/OpWaveform.cxx;lardataobj/lardataobj/RecoBase/PCAxis.cxx;lardataobj/lardataobj/RecoBase/PFParticle.cxx;lardataobj/lardataobj/RecoBase/PFParticleMetadata.cxx;lardataobj/lardataobj/RecoBase/Seed.cxx;lardataobj/lardataobj/RecoBase/Shower.cxx;lardataobj/lardataobj/RecoBase/Slice.cxx;lardataobj/lardataobj/RecoBase/SpacePoint.cxx;lardataobj/lardataobj/RecoBase/Track.cxx;lardataobj/lardataobj/RecoBase/TrackTrajectory.cxx;lardataobj/lardataobj/RecoBase/TrackingPlane.cxx;lardataobj/lardataobj/RecoBase/Trajectory.cxx;lardataobj/lardataobj/RecoBase/TrajectoryPointFlags.cxx;lardataobj/lardataobj/RecoBase/Vertex.cxx;lardataobj/lardataobj/RecoBase/Wire.cxx;lardataobj/test/RecoBase/Edge_test.cc	libCore.so.6.28.12;libGenVector.so.6.28.12;libImt.so.6.28.12;libMF_MessageLogger.so;libMathCore.so.6.28.12;libMatrix.so.6.28.12;libMultiProc.so.6.28.12;libNet.so.6.28.12;libPhysics.so.6.28.12;libRIO.so.6.28.12;libThread.so.6.28.12;libboost_atomic.so.1.82.0;libboost_filesystem.so.1.82.0;libboost_unit_test_framework.so.1.82.0;libcetlib.so;libcetlib_except.so;libcrypto.so;libfhiclcpp.so;libfhiclcpp_types.so;liblarcoreobj_SimpleTypesAndConstants.so;liblardataobj_RecoBase.so;libtbb.so.12	1	
FlagSet_test	lardataobj	lardataobj/test/Utilities/FlagSet_test.cc	libboost_unit_test_framework.so.1.82.0	0	
Hit_test	lardataobj	larcoreobj/larcoreobj/SimpleTypesAndConstants/geo_types.cxx;lardataobj/lardataobj/RecoBase/Cluster.cxx;lardataobj/lardataobj/RecoBase/Edge.cxx;lardataobj/lardataobj/RecoBase/EndPoint2D.cxx;lardataobj/lardataobj/RecoBase/Event.cxx;lardataobj/lardataobj/RecoBase/Hit.cxx;lardataobj/lardataobj/RecoBase/OpFlash.cxx;lardataobj/lardataobj/RecoBase/OpHit.cxx;lardataobj/lardataobj/RecoBase/OpWaveform.cxx;lardataobj/lardataobj/RecoBase/PCAxis.cxx;lardataobj/lardataobj/RecoBase/PFParticle.cxx;lardataobj/lardataobj/RecoBase/PFParticleMetadata.cxx;lardataobj/lardataobj/RecoBase/Seed.cxx;lardataobj/lardataobj/RecoBase/Shower.cxx;lardataobj/lardataobj/RecoBase/Slice.cxx;lardataobj/lardataobj/RecoBase/SpacePoint.cxx;lardataobj/lardataobj/RecoBase/Track.cxx;lardataobj/lardataobj/RecoBase/TrackTrajectory.cxx;lardataobj/lardataobj/RecoBase/TrackingPlane.cxx;lardataobj/lardataobj/RecoBase/Trajectory.cxx;lardataobj/lardataobj/RecoBase/TrajectoryPointFlags.cxx;lardataobj/lardataobj/RecoBase/Vertex.cxx;lardataobj/lardataobj/RecoBase/Wire.cxx;lardataobj/test/RecoBase/Hit_test.cc	libCore.so.6.28.12;libGenVector.so.6.28.12;libImt.so.6.28.12;libMF_MessageLogger.so;libMathCore.so.6.28.12;libMatrix.so.6.28.12;libMultiProc.so.6.28.12;libNet.so.6.28.12;libPhysics.so.6.28.12;libRIO.so.6.28.12;libThread.so.6.28.12;libboost_atomic.so.1.82.0;libboost_filesystem.so.1.82.0;libboost_unit_test_framework.so.1.82.0;libcetlib.so;libcetlib_except.so;libcrypto.so;libfhiclcpp.so;libfhiclcpp_types.so;liblarcoreobj_SimpleTypesAndConstants.so;liblardataobj_RecoBase.so;libtbb.so.12	1	
LazyVector_test	lardataobj	lardataobj/test/Utilities/LazyVector_test.cc	libboost_unit_test_framework.so.1.82.0	0	
PointCharge_test	lardataobj	larcoreobj/larcoreobj/SimpleTypesAndConstants/geo_types.cxx;lardataobj/lardataobj/RecoBase/Cluster.cxx;lardataobj/lardataobj/RecoBase/Edge.cxx;lardataobj/lardataobj/RecoBase/EndPoint2D.cxx;lardataobj/lardataobj/RecoBase/Event.cxx;lardataobj/lardataobj/RecoBase/Hit.cxx;lardataobj/lardataobj/RecoBase/OpFlash.cxx;lardataobj/lardataobj/RecoBase/OpHit.cxx;lardataobj/lardataobj/RecoBase/OpWaveform.cxx;lardataobj/lardataobj/RecoBase/PCAxis.cxx;lardataobj/lardataobj/RecoBase/PFParticle.cxx;lardataobj/lardataobj/RecoBase/PFParticleMetadata.cxx;lardataobj/lardataobj/RecoBase/Seed.cxx;lardataobj/lardataobj/RecoBase/Shower.cxx;lardataobj/lardataobj/RecoBase/Slice.cxx;lardataobj/lardataobj/RecoBase/SpacePoint.cxx;lardataobj/lardataobj/RecoBase/Track.cxx;lardataobj/lardataobj/RecoBase/TrackTrajectory.cxx;lardataobj/lardataobj/RecoBase/TrackingPlane.cxx;lardataobj/lardataobj/RecoBase/Trajectory.cxx;lardataobj/lardataobj/RecoBase/TrajectoryPointFlags.cxx;lardataobj/lardataobj/RecoBase/Vertex.cxx;lardataobj/lardataobj/RecoBase/Wire.cxx;lardataobj/test/RecoBase/PointCharge_test.cc	libCore.so.6.28.12;libGenVector.so.6.28.12;libImt.so.6.28.12;libMF_MessageLogger.so;libMathCore.so.6.28.12;libMatrix.so.6.28.12;libMultiProc.so.6.28.12;libNet.so.6.28.12;libPhysics.so.6.28.12;libRIO.so.6.28.12;libThread.so.6.28.12;libboost_atomic.so.1.82.0;libboost_filesystem.so.1.82.0;libboost_unit_test_framework.so.1.82.0;libcetlib.so;libcetlib_except.so;libcrypto.so;libfhiclcpp.so;libfhiclcpp_types.so;liblarcoreobj_SimpleTypesAndConstants.so;liblardataobj_RecoBase.so;libtbb.so.12	1	
RawDigit_test	lardataobj	lardataobj/lardataobj/RawData/AuxDetDigit.cxx;lardataobj/lardataobj/RawData/BeamInfo.cxx;lardataobj/lardataobj/RawData/DAQHeader.cxx;lardataobj/lardataobj/RawData/ExternalTrigger.cxx;lardataobj/lardataobj/RawData/OpDetPulse.cxx;lardataobj/lardataobj/RawData/RawDigit.cxx;lardataobj/lardataobj/RawData/TriggerData.cxx;lardataobj/lardataobj/RawData/raw.cxx;lardataobj/test/RawData/RawDigit_test.cc	libCore.so.6.28.12;libMF_MessageLogger.so;libboost_atomic.so.1.82.0;libboost_filesystem.so.1.82.0;libboost_unit_test_framework.so.1.82.0;libcetlib.so;libcetlib_except.so;libcrypto.so;libfhiclcpp.so;libfhiclcpp_types.so;liblardataobj_RawData.so;libtbb.so.12	1	
SimChannel_test	lardataobj	lardataobj/lardataobj/Simulation/AuxDetSimChannel.cxx;lardataobj/lardataobj/Simulation/OpDetBacktrackerRecord.cxx;lardataobj/lardataobj/Simulation/ParticleAncestryMap.cxx;lardataobj/lardataobj/Simulation/SimChannel.cxx;lardataobj/lardataobj/Simulation/SimPhotons.cxx;lardataobj/lardataobj/Simulation/SupernovaTruth.cxx;lardataobj/test/Simulation/SimChannel_test.cc	libCore.so.6.28.12;libGenVector.so.6.28.12;libImt.so.6.28.12;libMF_MessageLogger.so;libMathCore.so.6.28.12;libMultiProc.so.6.28.12;libNet.so.6.28.12;libRIO.so.6.28.12;libThread.so.6.28.12;libboost_atomic.so.1.82.0;libboost_filesystem.so.1.82.0;libboost_unit_test_framework.so.1.82.0;libcetlib.so;libcetlib_except.so;libcrypto.so;libfhiclcpp.so;libfhiclcpp_types.so;liblardataobj_Simulation.so;libtbb.so.12	1	
TrackTrajectory_test	lardataobj	larcoreobj/larcoreobj/SimpleTypesAndConstants/geo_types.cxx;lardataobj/lardataobj/RecoBase/Cluster.cxx;lardataobj/lardataobj/RecoBase/Edge.cxx;lardataobj/lardataobj/RecoBase/EndPoint2D.cxx;lardataobj/lardataobj/RecoBase/Event.cxx;lardataobj/lardataobj/RecoBase/Hit.cxx;lardataobj/lardataobj/RecoBase/OpFlash.cxx;lardataobj/lardataobj/RecoBase/OpHit.cxx;lardataobj/lardataobj/RecoBase/OpWaveform.cxx;lardataobj/lardataobj/RecoBase/PCAxis.cxx;lardataobj/lardataobj/RecoBase/PFParticle.cxx;lardataobj/lardataobj/RecoBase/PFParticleMetadata.cxx;lardataobj/lardataobj/RecoBase/Seed.cxx;lardataobj/lardataobj/RecoBase/Shower.cxx;lardataobj/lardataobj/RecoBase/Slice.cxx;lardataobj/lardataobj/RecoBase/SpacePoint.cxx;lardataobj/lardataobj/RecoBase/Track.cxx;lardataobj/lardataobj/RecoBase/TrackTrajectory.cxx;lardataobj/lardataobj/RecoBase/TrackingPlane.cxx;lardataobj/lardataobj/RecoBase/Trajectory.cxx;lardataobj/lardataobj/RecoBase/TrajectoryPointFlags.cxx;lardataobj/lardataobj/RecoBase/Vertex.cxx;lardataobj/lardataobj/RecoBase/Wire.cxx;lardataobj/test/RecoBase/TrackTrajectory_test.cc	libCore.so.6.28.12;libGenVector.so.6.28.12;libImt.so.6.28.12;libMF_MessageLogger.so;libMathCore.so.6.28.12;libMatrix.so.6.28.12;libMultiProc.so.6.28.12;libNet.so.6.28.12;libPhysics.so.6.28.12;libRIO.so.6.28.12;libThread.so.6.28.12;libboost_atomic.so.1.82.0;libboost_filesystem.so.1.82.0;libboost_unit_test_framework.so.1.82.0;libcetlib.so;libcetlib_except.so;libcrypto.so;libfhiclcpp.so;libfhiclcpp_types.so;liblarcoreobj_SimpleTypesAndConstants.so;liblardataobj_RecoBase.so;libtbb.so.12	1	
TrajectoryPointFlags_test	lardataobj	larcoreobj/larcoreobj/SimpleTypesAndConstants/geo_types.cxx;lardataobj/lardataobj/RecoBase/Cluster.cxx;lardataobj/lardataobj/RecoBase/Edge.cxx;lardataobj/lardataobj/RecoBase/EndPoint2D.cxx;lardataobj/lardataobj/RecoBase/Event.cxx;lardataobj/lardataobj/RecoBase/Hit.cxx;lardataobj/lardataobj/RecoBase/OpFlash.cxx;lardataobj/lardataobj/RecoBase/OpHit.cxx;lardataobj/lardataobj/RecoBase/OpWaveform.cxx;lardataobj/lardataobj/RecoBase/PCAxis.cxx;lardataobj/lardataobj/RecoBase/PFParticle.cxx;lardataobj/lardataobj/RecoBase/PFParticleMetadata.cxx;lardataobj/lardataobj/RecoBase/Seed.cxx;lardataobj/lardataobj/RecoBase/Shower.cxx;lardataobj/lardataobj/RecoBase/Slice.cxx;lardataobj/lardataobj/RecoBase/SpacePoint.cxx;lardataobj/lardataobj/RecoBase/Track.cxx;lardataobj/lardataobj/RecoBase/TrackTrajectory.cxx;lardataobj/lardataobj/RecoBase/TrackingPlane.cxx;lardataobj/lardataobj/RecoBase/Trajectory.cxx;lardataobj/lardataobj/RecoBase/TrajectoryPointFlags.cxx;lardataobj/lardataobj/RecoBase/Vertex.cxx;lardataobj/lardataobj/RecoBase/Wire.cxx;lardataobj/test/RecoBase/TrajectoryPointFlags_test.cc	libCore.so.6.28.12;libGenVector.so.6.28.12;libImt.so.6.28.12;libMF_MessageLogger.so;libMathCore.so.6.28.12;libMatrix.so.6.28.12;libMultiProc.so.6.28.12;libNet.so.6.28.12;libPhysics.so.6.28.12;libRIO.so.6.28.12;libThread.so.6.28.12;libboost_atomic.so.1.82.0;libboost_filesystem.so.1.82.0;libboost_unit_test_framework.so.1.82.0;libcetlib.so;libcetlib_except.so;libcrypto.so;libfhiclcpp.so;libfhiclcpp_types.so;liblarcoreobj_SimpleTypesAndConstants.so;liblardataobj_RecoBase.so;libtbb.so.12	1	
Trajectory_test	lardataobj	larcoreobj/larcoreobj/SimpleTypesAndConstants/geo_types.cxx;lardataobj/lardataobj/RecoBase/Cluster.cxx;lardataobj/lardataobj/RecoBase/Edge.cxx;lardataobj/lardataobj/RecoBase/EndPoint2D.cxx;lardataobj/lardataobj/RecoBase/Event.cxx;lardataobj/lardataobj/RecoBase/Hit.cxx;lardataobj/lardataobj/RecoBase/OpFlash.cxx;lardataobj/lardataobj/RecoBase/OpHit.cxx;lardataobj/lardataobj/RecoBase/OpWaveform.cxx;lardataobj/lardataobj/RecoBase/PCAxis.cxx;lardataobj/lardataobj/RecoBase/PFParticle.cxx;lardataobj/lardataobj/RecoBase/PFParticleMetadata.cxx;lardataobj/lardataobj/RecoBase/Seed.cxx;lardataobj/lardataobj/RecoBase/Shower.cxx;lardataobj/lardataobj/RecoBase/Slice.cxx;lardataobj/lardataobj/RecoBase/SpacePoint.cxx;lardataobj/lardataobj/RecoBase/Track.cxx;lardataobj/lardataobj/RecoBase/TrackTrajectory.cxx;lardataobj/lardataobj/RecoBase/TrackingPlane.cxx;lardataobj/lardataobj/RecoBase/Trajectory.cxx;lardataobj/lardataobj/RecoBase/TrajectoryPointFlags.cxx;lardataobj/lardataobj/RecoBase/Vertex.cxx;lardataobj/lardataobj/RecoBase/Wire.cxx;lardataobj/test/RecoBase/Trajectory_test.cc	libCore.so.6.28.12;libGenVector.so.6.28.12;libImt.so.6.28.12;libMF_MessageLogger.so;libMathCore.so.6.28.12;libMatrix.so.6.28.12;libMultiProc.so.6.28.12;libNet.so.6.28.12;libPhysics.so.6.28.12;libRIO.so.6.28.12;libThread.so.6.28.12;libboost_atomic.so.1.82.0;libboost_filesystem.so.1.82.0;libboost_unit_test_framework.so.1.82.0;libcetlib.so;libcetlib_except.so;libcrypto.so;libfhiclcpp.so;libfhiclcpp_types.so;liblarcoreobj_SimpleTypesAndConstants.so;liblardataobj_RecoBase.so;libtbb.so.12	1	
Wire_test	lardataobj	larcoreobj/larcoreobj/SimpleTypesAndConstants/geo_types.cxx;lardataobj/lardataobj/RecoBase/Cluster.cxx;lardataobj/lardataobj/RecoBase/Edge.cxx;lardataobj/lardataobj/RecoBase/EndPoint2D.cxx;lardataobj/lardataobj/RecoBase/Event.cxx;lardataobj/lardataobj/RecoBase/Hit.cxx;lardataobj/lardataobj/RecoBase/OpFlash.cxx;lardataobj/lardataobj/RecoBase/OpHit.cxx;lardataobj/lardataobj/RecoBase/OpWaveform.cxx;lardataobj/lardataobj/RecoBase/PCAxis.cxx;lardataobj/lardataobj/RecoBase/PFParticle.cxx;lardataobj/lardataobj/RecoBase/PFParticleMetadata.cxx;lardataobj/lardataobj/RecoBase/Seed.cxx;lardataobj/lardataobj/RecoBase/Shower.cxx;lardataobj/lardataobj/RecoBase/Slice.cxx;lardataobj/lardataobj/RecoBase/SpacePoint.cxx;lardataobj/lardataobj/RecoBase/Track.cxx;lardataobj/lardataobj/RecoBase/TrackTrajectory.cxx;lardataobj/lardataobj/RecoBase/TrackingPlane.cxx;lardataobj/lardataobj/RecoBase/Trajectory.cxx;lardataobj/lardataobj/RecoBase/TrajectoryPointFlags.cxx;lardataobj/lardataobj/RecoBase/Vertex.cxx;lardataobj/lardataobj/RecoBase/Wire.cxx;lardataobj/test/RecoBase/Wire_test.cc	libCore.so.6.28.12;libGenVector.so.6.28.12;libImt.so.6.28.12;libMF_MessageLogger.so;libMathCore.so.6.28.12;libMatrix.so.6.28.12;libMultiProc.so.6.28.12;libNet.so.6.28.12;libPhysics.so.6.28.12;libRIO.so.6.28.12;libThread.so.6.28.12;libboost_atomic.so.1.82.0;libboost_filesystem.so.1.82.0;libboost_unit_test_framework.so.1.82.0;libcetlib.so;libcetlib_except.so;libcrypto.so;libfhiclcpp.so;libfhiclcpp_types.so;liblarcoreobj_SimpleTypesAndConstants.so;liblardataobj_RecoBase.so;libtbb.so.12	1	
raw_test	lardataobj	lardataobj/lardataobj/RawData/AuxDetDigit.cxx;lardataobj/lardataobj/RawData/BeamInfo.cxx;lardataobj/lardataobj/RawData/DAQHeader.cxx;lardataobj/lardataobj/RawData/ExternalTrigger.cxx;lardataobj/lardataobj/RawData/OpDetPulse.cxx;lardataobj/lardataobj/RawData/RawDigit.cxx;lardataobj/lardataobj/RawData/TriggerData.cxx;lardataobj/lardataobj/RawData/raw.cxx;lardataobj/test/RawData/raw_test.cc	libCore.so.6.28.12;libMF_MessageLogger.so;libboost_atomic.so.1.82.0;libboost_filesystem.so.1.82.0;libboost_unit_test_framework.so.1.82.0;libcetlib.so;libcetlib_except.so;libcrypto.so;libfhiclcpp.so;libfhiclcpp_types.so;liblardataobj_RawData.so;libtbb.so.12	1	
sparse_vector_test	lardataobj	lardataobj/test/Utilities/sparse_vector_test.cc		0	
